evidence_id,captured_at,source_type,canonical_url,title,published_at,deployment,author_type,public_role,likely_persona,artifact_type,verbatim_excerpt_max_25_words,original_problem_language,normalized_jtbd,trigger,desired_outcome,current_workaround,dissatisfaction,interaction_required,capability_requirements,disqualifiers,solution_mentioned,adoption_or_result,willingness_signal,engagement_metadata,vendor_authored,duplicate_group,qualification_status,exclusion_reason,relevance_0_5,confidence,jtbd_cluster,notes
E-001,2026-08-02,atlassian_community,https://community.atlassian.com/forums/Confluence-questions/Adding-HTML-Directly-in-Confluence-Pages/qaq-p/3240107,Solved: Adding HTML Directly in Confluence Pages,unknown,cloud,user,unknown,Confluence Cloud page author / space admin,question,Atlassian removed the native HTML macro from Confluence Cloud because allowing arbitrary HTML and JavaScript injection opens serious cross-site scripting (XSS) risks.,adding HTML directly in Confluence pages; why the ability was removed,"When I want richer/custom presentation on a Confluence Cloud page than the editor allows, I want to add HTML directly to the page, so I can control layout and behaviour without leaving Confluence.",user tried to put raw HTML into a Cloud page and found no native mechanism,render custom HTML inline on the page,Marketplace apps that render HTML inside a sandboxed iframe (HTML by Mosaic named in the thread),unknown,unknown,render arbitrary HTML inline on a Cloud page; sandboxed execution acceptable to Atlassian security posture,none observed,HTML by Mosaic; sandboxed-iframe Marketplace macros,answered with third-party sandboxed-iframe apps; thread notes native return is unlikely without a sandboxed solution,unknown,marked Solved; counts not visible in snippet,no,D-01,qualified,,4,observed-in-search-snippet,J02,High thread ID (3.24M) indicates a recent (2026-era) post. Verbatim excerpt is answer-side text observed in the search summary; the asker's own wording was not visible in the snippet. Directly validates the 'sandboxed iframe' positioning of Mini Site for Confluence.
E-002,2026-08-02,atlassian_community,https://community.atlassian.com/forums/Confluence-questions/unknown-macro-html/qaq-p/2955052,unknown macro 'html' - Confluence,unknown,cloud,user,unknown,Confluence admin running a DC→Cloud migration,complaint,"the HTML Macro does not exist on Cloud, so the only option is to use apps",unknown macro 'html' appearing on pages after migration,"When my site is migrated from Data Center/Server to Confluence Cloud and pages now show 'unknown macro: html', I want a Cloud-side replacement that renders the same content, so I can stop shipping broken pages to my readers.",Server/DC → Cloud migration left HTML macro instances unrenderable,pages render as they did on DC/Server,install a third-party HTML macro app from Marketplace,broken macro placeholders on live pages post-migration,unknown,replace HTML-macro content post-migration; render on Cloud without a native macro,migration path implies bulk conversion of existing macro instances — a bundle-upload product does not auto-migrate them,HTML Macro for Confluence Cloud (Marketplace); an 'HTML Macro DC to Cloud Migration' guide,directed to Marketplace apps,unknown,unknown,no,,qualified,,4,observed-in-search-snippet,J03,"Thread ID ~2.96M suggests a 2025-era post. Migration is a recurring, well-funded trigger event — this is a distinct demand cluster from greenfield 'I want to embed a prototype'."
E-003,2026-08-02,atlassian_community,https://community.atlassian.com/forums/Confluence-questions/Forge-migration-gap-No-equivalent-for-Connect-s/qaq-p/3201049,Forge migration gap: No equivalent for Connect's staticContentMacro rendering quality,2026-03-06,cloud,vendor,unknown,Marketplace app vendor / Forge developer migrating from Connect,feature_request,"CSP blocks nested iframes (embedded videos, document viewers gone), and no script execution (interactive macros like diagrams, task checkboxes dead).","iframe sandbox means no Confluence CSS, CSP blocks nested iframes, no script execution","When I must migrate my Connect Confluence app to Forge before Connect EOL, I want a Forge rendering mode with Connect-level fidelity (CSS, nested iframes, scripts), so I can ship interactive macro content without an iframe sandbox destroying it.","Connect reaching end-of-life in Q4 2026, forcing Forge migration","a Forge-native staticContentMacro equivalent, native storage-format rendering, or an extended AdfRenderer covering all ADF node types",Forge Custom UI (iframe) — described as inadequate,"explicit: iframe sandbox breaks panels, status macros, table styles, embedded videos, diagrams, task checkboxes",script execution and nested iframes inside the macro,script execution inside a macro; nested iframes permitted by CSP; inherit Confluence CSS,"this author wants to render Confluence storage-format/ADF with host-page CSS inheritance — Mini Site serves an isolated bundle and deliberately does NOT inherit host CSS or touch the host DOM. Adjacent pain, different product.",RFC-136: Forge staticView Macro for Confluence (Atlassian developer community),open; cross-referenced to Atlassian's RFC-136,unknown,posted 2026-03-06 per search summary; votes/replies not visible,yes,,excluded_from_demand,"vendor-authored: competitive/positioning context, not independent demand",2,observed-in-search-snippet,DIY,"candidate_lead=true — a named-in-public app vendor with a recurring, deadline-driven need and deep technical articulation of the CSP/iframe constraints Mini Site also lives inside. Useful as a technical-constraint informant even though their job is not the Mini Site job. Most recent artifact found (Mar 2026). Related Atlassian RFC: https://community.developer.atlassian.com/t/rfc-136-forge-staticvi"
E-004,2026-08-02,atlassian_community,https://community.atlassian.com/forums/Confluence-questions/How-to-upload-a-HTML-files-project-folder-with-sub-pages-and/qaq-p/2806119,How to upload a HTML files project folder with sub pages and supporting images to a confluence,unknown,unknown,user,unknown,technical writer / documentation owner with generated HTML output,question,You can upload a .zip file containing a folder (which becomes the space name) containing .html files.,upload a HTML files project folder with sub pages and supporting images,"When I have a multi-file HTML project folder with sub-pages and supporting images, I want to upload the whole folder into Confluence, so I can publish it to my team without hand-rebuilding every page.",has an existing multi-file HTML deliverable to get into Confluence,"the whole folder, links and images intact, viewable in Confluence","zip-import into a space (converts to Confluence pages, not a live site); copy-paste from the rendered static site; HTML→Word conversion then import",workarounds convert content into Confluence pages rather than preserving the site; links need post-migration fixing,multi-page navigation between the uploaded HTML files; images resolve relative to pages,multi-file bundle upload; relative link/asset resolution across files; sub-page navigation preserved,none observed,Confluence Cloud HTML zip import; All-in-One File Importer for Confluence; HTML for Confluence,answered with zip-import and copy-paste workarounds; no live-site option offered,unknown,unknown,no,D-02,qualified,,4,observed-in-search-snippet,J01,"Closest match found to the exact Mini Site job (multi-file folder, sub-pages, relative assets). The gap the answers reveal — every workaround flattens the site into Confluence pages instead of serving it live — is the wedge."
E-005,2026-08-02,atlassian_community,https://community.atlassian.com/forums/Confluence-questions/Render-HTML/qaq-p/2421345,Render HTML - Confluence,unknown,unknown,user,unknown,Confluence page author,question,the only way to add that type of content is through iframes with the content hosted outside of Confluence,render HTML,"When I want HTML, JS and CSS to render on a Confluence page, I want a way to do it inside Confluence, so I don't have to stand up and maintain external hosting just to show a page.",wants HTML/JS/CSS content on a page,the HTML renders inline,iframe pointing at externally hosted content,"implicit — external hosting is required, which is the cost Mini Site removes",JS execution,HTML + JS + CSS execution; no external hosting to maintain,none observed,HTML Macro for Confluence (Marketplace),answered with a Marketplace HTML macro,unknown,unknown,no,D-03,qualified,,4,observed-in-search-snippet,J02,The 'you must host it outside Confluence yourself' answer is the strongest recurring articulation of the hosting burden Mini Site absorbs. Thread ID ~2.42M suggests ~2023.
E-006,2026-08-02,atlassian_community,https://community.atlassian.com/forums/Confluence-questions/Migrating-Confluence-DC-to-Cloud-HTML-macro/qaq-p/2245372,Solved: Migrating Confluence DC to Cloud - HTML macro,unknown,cloud,user,unknown,migration lead / Confluence admin,question,"on Cloud, HTML Macro does not exist, and Atlassian has no HTML based tool in cloud due to security risks",migrating several instances of the HTML Macro from DC,"When I am migrating Confluence DC to Cloud and have several instances of the HTML Macro in my content, I want a Cloud equivalent, so I can complete the migration without losing those pages.",DC → Cloud migration project,HTML macro content survives the migration,third-party Marketplace apps; contact the app vendor,unknown,unknown,Cloud-side HTML macro replacement; bulk handling of existing macro instances,none observed,third-party apps (unnamed in snippet),pointed to Marketplace apps,unknown,marked Solved; described in search summary as a follow-up to a 2021 post,no,D-04,qualified,,4,observed-in-search-snippet,J03,historical=true inferred from the search summary calling it a follow-up to a 2021 post and from the low thread ID; exact date not observed.
E-007,2026-08-02,atlassian_community,https://community.atlassian.com/forums/Confluence-questions/HTML-macro-Confluence-Server-to-iFrame-macro-Confluence-Cloud/qaq-p/1881224,HTML macro (Confluence Server) to iFrame macro (Confluence Cloud) - migration plan,unknown,cloud,user,unknown,migration planner,question,"The iFrame macro is only part of Server and Data Center, atlassian has no HTML based tool in cloud due to security risks.",migration plan from HTML macro (Server) to iFrame macro (Cloud),"When I plan a Server→Cloud migration and my pages depend on the HTML macro, I want to know what Cloud macro to convert them to, so I can write a migration plan that doesn't break content.",Server → Cloud migration planning,a documented macro-to-macro conversion path,iframe macro / third-party apps,user's assumed target (iFrame macro) turns out not to exist natively on Cloud either,unknown,Cloud replacement for Server HTML macro,none observed,iFrame macro; third-party Marketplace apps,unknown,unknown,appeared as the top result for four separate queries — high search visibility / evergreen traffic,no,,qualified,,4,observed-in-search-snippet,J03,historical=true inferred from low thread ID (~1.88M); exact date not observed. Notable that this thread ranks first across many phrasings — it is a canonical landing page for this pain.
E-008,2026-08-02,atlassian_community,https://community.atlassian.com/forums/Confluence-questions/embed-html-into-a-confluence-page/qaq-p/2054733,Solved: embed html into a confluence page,unknown,cloud,user,unknown,Confluence Cloud page author,question,HTML macro is not available in Confluence cloud.,embed html into a confluence page,"When I have HTML I want to show on a Confluence page, I want to embed it into the page, so the content displays in place rather than as an attachment or link.",unknown,HTML rendered inline on the page,Marketplace add-ons (HTML & Iframe Macro for Confluence named),unknown,unknown,inline HTML rendering on Cloud,none observed,HTML & Iframe Macro for Confluence; AURA Content Formatting Macros,answered with Marketplace apps,unknown,marked Solved; recurred across five of my queries,no,,qualified,,4,observed-in-search-snippet,J02,WebFetch on this URL returned HTTP 403 (blocked) — all detail here is from search-result summaries. historical=true inferred from thread ID (~2.05M); exact date not observed.
E-009,2026-08-02,atlassian_community,https://community.atlassian.com/forums/Confluence-questions/HTML-macro-on-Confluence-Cloud/qaq-p/1318974,Solved: HTML macro on Confluence Cloud?,unknown,cloud,user,unknown,"Confluence Cloud user, likely ex-Server",question,Confluence Cloud does not permit the HTML macro as it's a security vulnerability to allow users the ability to add things like external javascript.,is there an HTML macro on Confluence Cloud,"When I move to Confluence Cloud and look for the HTML macro I used before, I want to know whether it exists, so I can decide whether to buy an app or change my approach.",looked for the macro and could not find it,enable/use an HTML macro,third-party vendors offering HTML macros,unknown,external JavaScript is explicitly the thing Atlassian blocks,run JavaScript safely on a Cloud page,none observed,Marketplace HTML macros; Macro for Toolbox Cloud (secure HTML macro),answered with Marketplace apps,unknown,marked Solved,no,D-05,qualified,,4,observed-in-search-snippet,J02,The clearest statement of Atlassian's stated security rationale — the exact objection Mini Site's isolated sandbox + secret scanning answers. historical=true inferred from thread ID (~1.32M); exact date not observed.
E-010,2026-08-02,atlassian_community,https://community.atlassian.com/forums/Confluence-questions/Atlassian-Cloud-how-to-add-custom-javascript-or-html-for-an/qaq-p/941069,Atlassian Cloud - how to add custom javascript or html for an embedded iframe,unknown,cloud,user,unknown,Confluence Cloud user comparing against Server capabilities,question,Confluence Cloud does not offer native HTML and Javascript support without the addition of Add-On to Confluence.,how to add custom javascript or html for an embedded iframe,"When I want custom JavaScript or HTML driving an embedded iframe on Confluence Cloud, I want a supported way to add it, so I can build the interactive behaviour my team needs.",unknown,custom JS/HTML running on a Cloud page,Marketplace add-ons,explicit Cloud-vs-Server flexibility gap,custom JavaScript execution,custom JS execution; iframe embedding,"wants JS driving an iframe — if that means controlling the host page or a cross-origin frame, Mini Site's isolation would not satisfy it; not resolvable from the snippet",'a quick marketplace search shows there are 5 possible add-ons which enable HTML and Javascript',answered with add-on recommendations,unknown,unknown,no,D-06,qualified,,4,observed-in-search-snippet,J02,The 'Cloud and Server have different amounts of flexibility' framing recurs across the corpus and is the core migration-era grievance. historical=true inferred from very low thread ID (~941k); exact date not observed.
E-011,2026-08-02,atlassian_community,https://community.atlassian.com/forums/Confluence-questions/Refused-to-connect-error-in-iFrame/qaq-p/2195947,Refused to connect error in iFrame,unknown,cloud,user,unknown,Confluence Cloud page author embedding SaaS dashboards,counterevidence,website administrators have invoked the x-frame-options response header to prevent browsers from rendering it in an iFrame,refused to connect error in iFrame,"When I embed external content in Confluence via an iframe and get 'refused to connect', I want the content to actually render, so my page isn't a blank box.",embedded an external URL and got a blank/refused frame,external content renders inside the page,http→https swap; domain allowlisting by a Confluence admin; different embed methods,"recurring blank-frame failures across SharePoint, Salesforce, Airtable, Figma, Office365 embeds",unknown,reliable rendering not dependent on the target site's X-Frame-Options,"these users want to frame someone else's live site, not publish their own bundle — Mini Site does not solve X-Frame-Options on third-party domains",Atlassian bug CONFCLOUD-73617 referenced in the thread,partially unresolved; known-bug reference,unknown,search summary noted 'multiple users reporting this problem in 2024'; exact counts not visible,no,,qualified_counterevidence,,4,observed-in-search-snippet,NAT,"Recorded as counterevidence-with-a-twist: it shows the free iframe route is widely attempted and widely fails, but the failure mode (third-party X-Frame-Options) is one Mini Site cannot fix. Useful for scoping the pitch away from 'embed any website'."
E-012,2026-08-02,atlassian_community,https://community.atlassian.com/forums/Confluence-questions/How-to-embed-custom-code/qaq-p/1776003,Solved: How to embed custom code,unknown,cloud,user,unknown,Confluence Cloud page author,workaround,"out of the box, your only choice is to take a screenshot of the chart",how to embed custom code (a chart from co2levels.org),"When I want a live chart or custom code output on a Confluence page, I want to embed the code itself, so readers see current data instead of a stale screenshot.",wanted a specific external chart on a page,live embedded chart,screenshot the chart,explicit — the native fallback is a screenshot; users reported some solutions did not fully render the embedded content,live/interactive chart rendering,render third-party embed code with JS,"the target is an externally hosted chart widget, not a self-authored bundle",html-macro-for-confluence-cloud (commercial plugin),pointed at a paid Cloud HTML macro,answer explicitly frames the fix as a commercial plugin purchase,marked Solved,no,,qualified,,4,observed-in-search-snippet,J02,'Take a screenshot' is the honest native baseline and the best available articulation of the status-quo cost. historical=true inferred from thread ID (~1.78M); exact date not observed.
E-013,2026-08-02,atlassian_community,https://community.atlassian.com/forums/Confluence-questions/How-to-embed-Interactive-Google-Charts-into-Confluence-Page/qaq-p/618934,How to embed Interactive Google Charts into Confluence Page using html macro,unknown,unknown,user,unknown,analyst / engineer publishing data to a wiki,complaint,"when loading an interactive chart, it shows in preview but the whole page comes up blank when saved",static charts load fine; interactive chart shows in preview but page is blank when saved,"When I embed an interactive JS chart in a Confluence page, I want it to survive save and render for readers, so the interactivity isn't lost between preview and published view.",upgrading from a static chart image to an interactive one,interactive chart renders in the published page,fall back to static charts,"explicit — preview/save divergence, whole page goes blank","JS-driven interactivity (hover, tooltips, drilldown)",JS executes identically in preview and published view; failure of the embed must not blank the host page,none observed,unknown,unknown,unknown,unknown,no,,qualified,,4,observed-in-search-snippet,J07,"historical=true inferred from very low thread ID (~619k) — likely pre-2020. Kept despite age because the failure mode (works in preview, blanks the host page on save) is a concrete quality bar for a sandboxed embed product."
E-014,2026-08-02,atlassian_community,https://community.atlassian.com/forums/App-Central-articles/Introducing-HTML-by-Mosaic-for-Confluence/ba-p/3249485,"Introducing HTML by Mosaic, for Confluence",unknown,cloud,vendor,unknown,n/a,counterevidence,The app is designed with separate HTML/CSS/JavaScript tabs which allows different validation and restriction rules to be applied at each layer.,n/a (vendor marketing),"N/A — vendor launch article, recorded as competitive context, not demand.",n/a,n/a,n/a,n/a,n/a,separate HTML/CSS/JS editing; Forge hosting / data residency; sandboxed render,n/a,HTML by Mosaic (Kolekti); Advanced Edition adds JavaScript support; hosted on Forge so no data leaves the Confluence site; rendered in a sandboxed environment,n/a,"paid tiering — JavaScript support gated behind the Advanced Edition, evidence that JS execution is a monetizable upgrade",unknown,yes,,excluded_from_demand,"vendor-authored: competitive/positioning context, not independent demand",2,observed-in-search-snippet,J02,"VENDOR-AUTHORED, NOT DEMAND. Recorded because it is the closest direct competitor positioning found: Forge-hosted, sandboxed, tiered on JS. Key differentiation gap for Mini Site: Mosaic is a paste-code-into-tabs macro (single file, three tabs); Mini Site is a multi-file folder upload. Also relevant: Kolekti blog 'Why isn't there a native HTML macro in Confluence Cloud?' at https://www.kolekti.com/"
E-015,2026-08-02,other,https://community.developer.atlassian.com/t/using-customui-to-show-html-run-javascript-with-forge-ui/54047,"Using customUI to show HTML & run javascript with forge UI (Atlassian Developer Community, Confluence Cloud)",unknown,cloud,unknown,unknown,Forge developer / in-house Atlassian app builder,question,"Using custom UI, you can define your own user interface using static resources, such as HTML, CSS, JavaScript, and images.",using customUI to show HTML and run javascript with Forge UI,"When I need to show arbitrary HTML and run JavaScript inside a Confluence Cloud macro, I want to know whether Forge Custom UI supports it, so I can build the capability myself instead of buying an app.",needs HTML + JS inside a Confluence macro and is evaluating Forge,HTML/JS rendering inside a Forge macro,build it yourself on Forge Custom UI,unknown,JS execution,static HTML/CSS/JS resources; iframe isolation,"developer audience — this segment builds its own Forge app rather than buying; also relevant: Custom UI content inside an iFrame cannot access parent CSS directly (per related thread), and 'Forge Custom UI - Confluence - 403 when requesting static assets' shows asset-serving friction",Forge Custom UI static resources; runs within an iframe providing an isolated environment,answered affirmatively — Forge Custom UI supports static HTML/CSS/JS,counter-signal — this user is willing to build rather than buy,unknown,no,D-07,qualified,,4,observed-in-search-snippet,DIY,"Recorded as partial counterevidence: technically-capable teams can and do self-build this on Forge Custom UI, which bounds the addressable market to non-developers and teams unwilling to maintain a Forge app. Related: https://community.developer.atlassian.com/t/forge-custom-ui-confluence-403-when-requesting-static-assets/60655 and https://community.developer.atlassian.com/t/static-content-macro-in"
E-016,2026-08-02,atlassian_community,https://community.atlassian.com/forums/Confluence-questions/Interactive-Jira-Dashboard-in-Confluence/qaq-p/2951248,Interactive Jira Dashboard in Confluence,unknown,unknown,user,unknown,Project/program manager or Jira admin reporting status in Confluence,question,Interactive Jira Dashboard in Confluence,interactive Jira dashboard in Confluence,"When I need to report Jira project status on a Confluence page, I want an interactive dashboard readers can drill into, so I can stop pasting stale screenshots.",Needing a Jira dashboard to remain interactive after being placed on a Confluence page,A dashboard on the page that stays interactive (drill-down) rather than a static image,unknown,unknown,"Drill-down into charts/graphs, filtering",interactive charts; drill-down; live Jira issue data,Needs authenticated live Jira data — a static uploaded HTML/JS bundle cannot query Jira without a backend or API credentials,"Dashboard Hub for Confluence (Appfire); Table Filter, Charts & Spreadsheets for Confluence (Stiltsoft); native Smart Links dashboard embed",Answers point to paid Marketplace apps and native Smart Links,unknown,unknown,no,,qualified,,4,observed-in-search-snippet,J08,"Excerpt is the thread title — the only user-authored text observable; body blocked (403 on WebFetch, snippets only). High thread ID suggests recent (2025) but date not observed."
E-017,2026-08-02,atlassian_community,https://community.atlassian.com/forums/Confluence-questions/Can-a-table-auto-update-when-its-attachment-is-replaced-in-Confluence/qaq-p/3092670,Can a table auto-update when its attachment is replaced in Confluence?,unknown,unknown,user,unknown,Analyst/PM maintaining a recurring report page,question,Can a table auto-update when its attachment is replaced in Confluence?,auto-update when its attachment is replaced,"When my source data file changes, I want the table/chart on the Confluence page to refresh itself, so I don't have to re-insert the macro every time.",Replacing/overwriting an attached data file and finding the on-page table unchanged,A page view that always reflects the latest uploaded data without manual macro surgery,"Per the thread answer: standard Excel/CSV macros ""won't refresh automatically when a new version of an attachment is uploaded — they simply embed the file 'as is'"", so the user must remove and reinsert the macro",Manual re-insert of the macro on every data update,"None beyond viewing — the need is refresh, not interaction",data refresh on republish/upload; tabular rendering; chart rendering,None observed for a re-publish-based model; true live auto-refresh from an external source would need network fetch from the bundle,"Table Filter and Charts app; an app that imports CSV/TSV/JSON from URLs, APIs or Google Sheets and ""automatically keeps data updated""",unknown,unknown,unknown,no,,qualified,,4,observed-in-search-snippet,J09,"Excerpt is the thread title (user-authored). The workaround sentence is text the search backend surfaced from the thread's answer, not from the asker."
E-018,2026-08-02,atlassian_community,https://community.atlassian.com/forums/Confluence-Databases-discussions/Visualisation-of-Confluence-Database-content/td-p/2745784,Visualisation of Confluence Database content,unknown,cloud,user,unknown,Confluence power user / knowledge manager using Databases as a source of truth,feature_request,major feature missing from Confluence Databases is the ability to visualize database content using charts,visualisation of database content / charts for databases,"When I keep structured data in a Confluence database, I want to chart it on the page, so my team sees a visual summary instead of raw rows.",Adopting Confluence Databases and losing the charting that worked with ordinary Confluence tables,Native charts rendered from database content inside Confluence,unknown,Charting regressed vs. classic Confluence tables,unknown,charting; reads Confluence database content,Needs read access to Confluence database content — a sandboxed static bundle has no authenticated API path to it,"Atlassian suggestion ticket CONFCLOUD-79584 ""Charts for Databases inside confluence""",Tracked as CONFCLOUD-79584; not shipped as of the observed discussion,Filed/backed a public Atlassian suggestion ticket,unknown,no,,qualified,,4,observed-in-search-snippet,J09,"Deployment recorded as cloud because Confluence Databases is a Cloud-only feature. Duplicate underlying request also seen at https://community.atlassian.com/forums/Confluence-questions/How-to-create-a-chart-from-a-database-page/qaq-p/2758337 whose answer noted third-party charting apps exist but ""none currently offer extensibility with Confluence Databases"" — deduped into this entry."
E-019,2026-08-02,atlassian_community,https://community.atlassian.com/forums/Confluence-Databases-discussions/Feature-Request-Formulas-in-Confluence-Databases/td-p/2694711,Feature Request: Formulas in Confluence Databases,unknown,cloud,user,unknown,Knowledge manager / ops lead standardising on Confluence,feature_request,this formula feature is found in similar tools like Notion and Airtable,"formulas in databases, like Notion and Airtable","When my Confluence database holds dynamic data, I want formula/calculated fields, so I can keep Confluence as the source of truth instead of exporting to Notion or Airtable.",Hitting the limits of Confluence Databases (only sum/average/median) while modelling data that needs computed columns,"""keep Confluence as the source of truth for knowledge management for information that includes dynamic data"" rather than ""look to other tools""",Using other tools (Notion/Airtable) for the dynamic-data part,Confluence Databases support only simple aggregations,Editing/recalculating values in-page,computed fields; spreadsheet-like recalculation; persistent editable data,Needs write-back/persistence of user-entered data — a read-only static mini-site cannot store edits,Atlassian suggestion CONFCLOUD-78459 (math expressions and formulas in Confluence Databases),Tracked as CONFCLOUD-78459,Filed a public feature request; explicit Notion/Airtable substitution risk,unknown,no,,qualified,,4,observed-in-search-snippet,J09,Excerpt is the phrasing the search backend surfaced from the thread; direct body read blocked. Confirms the Notion-substitution framing explicitly.
E-020,2026-08-02,atlassian_community,https://community.atlassian.com/forums/Confluence-questions/Will-there-be-a-Timeline-view-for-Database/qaq-p/2980754,Will there be a Timeline view for Database ?,unknown,cloud,user,unknown,Team lead planning work in Confluence,feature_request,"organize entries in time like Notion, Airtable, or similar solutions do",timeline view for database,"When my database rows have dates, I want a timeline/Gantt view on the page, so I can see schedule at a glance the way Notion or Airtable shows it.",Confluence Databases lacking a time-based view mode,A timeline view of database entries inside Confluence,unknown,View types available in Confluence Databases lag Notion/Airtable,"Switching views, zooming/panning a timeline",alternate view rendering (timeline/Gantt); reads database records,Needs access to Confluence database records; a static bundle would need the data supplied at publish time,unknown,unknown,unknown,unknown,no,,qualified,,4,observed-in-search-snippet,J09,Second independent Notion-parity request (with the formulas thread) — supports a 'Notion-like DB inside Confluence' demand cluster. Date not observed.
E-021,2026-08-02,atlassian_community,https://community.atlassian.com/forums/Confluence-questions/Confluence-Cloud-Static-HTML-Content/qaq-p/2619230,Solved: Confluence Cloud - Static HTML Content,unknown,cloud,user,unknown,Developer/ISV integrating their reporting product with Confluence,question,generating HTML content corresponding to React components,static HTML content in Confluence Cloud,"When my product exports a report, I want to publish that generated HTML/React output onto a Confluence Cloud page, so users read the live report where they already work.",Building an export-to-Confluence feature and discovering the HTML macro is a legacy/unavailable feature on Cloud,Render generated multi-element HTML (React output) inside a Confluence Cloud page,Attempted the HTML macro; blocked because it is legacy and requires enabling / is unavailable on Cloud,HTML macro unavailable/legacy on Cloud,unknown,render arbitrary HTML/CSS/JS bundle; Confluence Cloud compatible; no admin HTML-macro enablement,None observed — this is the closest direct match to an upload-a-bundle mini-site product,"Thread answer: ""consider building an app for Confluence Cloud ... If you use Forge, it is based on React, which may fit your use case very well""",Marked Solved; steered toward building a Forge app,Was willing to build a Forge app themselves,unknown,no,D-08,qualified,,4,observed-in-search-snippet,J04,"Closest single artifact to the product hypothesis. Excerpt is the search-backend rendering of the asker's described attempt; body not directly readable (403). Author handle not visible in snippets, so candidate_lead left false despite strong workflow fit."
E-022,2026-08-02,atlassian_community,https://community.atlassian.com/forums/Confluence-questions/Display-the-graphs-in-confluence-page-without-html-macro/qaq-p/2258050,Display the graphs in confluence page without html macro,unknown,unknown,user,unknown,Technical Confluence user / internal tools engineer,workaround,"converted to JavaScript using Chart.js macro, then rendering JavaScript to display the graph using macro html",display the graphs without html macro,"When the HTML macro is unavailable, I want another way to run my Chart.js visualisation on a Confluence page, so my existing graphs keep working.",Losing the HTML macro that their Chart.js rendering depended on,Same JS-rendered graphs on the page without the HTML macro,Chart.js output injected via the HTML macro,Existing JS-based charting pipeline broke without HTML macro,unknown,execute user-supplied JavaScript; chart library support (Chart.js),None observed — self-contained Chart.js is exactly a static-bundle workload,"Native Chart macro; Table Filter and Charts ""Chart from Table"" macro; Aura content-formatting macros",unknown,Already hand-built a JS charting pipeline,unknown,no,,qualified,,4,observed-in-search-snippet,J03,historical=true is an inference from thread-ID ordering (lower ID than 2024+ threads); actual date not observed.
E-023,2026-08-02,atlassian_community,https://community.atlassian.com/forums/Confluence-questions/Using-iframe-macro-for-grafana-dashboard/qaq-p/2542828,Solved: Using iframe macro for grafana dashboard,unknown,unknown,user,unknown,SRE/DevOps engineer surfacing monitoring in the team wiki,question,Using iframe macro for grafana dashboard,iframe macro for grafana dashboard,"When my metrics live in Grafana, I want the dashboard visible on the Confluence page and refreshing, so my team reads current numbers in the wiki.",Grafana graphs embedded via iframe not showing refreshed updates on the Confluence page,A Grafana dashboard that renders and refreshes inside the page,iframe/HTML macro pointing at the Grafana dashboard URL,Refresh updates not appearing; framing blocked by response headers,Grafana's own time-range/filter controls,frames external origin; periodic refresh,Requires a live external data source (Grafana) and cross-origin framing — an isolated uploaded bundle does not solve this class,"Thread guidance: check X-Frame-Options; if DENY ""you will have to get Grafana to change their application so it supports iframes""","Marked Solved via header diagnosis, not a product",unknown,unknown,no,D-09,qualified,,4,observed-in-search-snippet,J08,"Recorded partly as a scoping boundary: this demand cluster is 'embed a live external BI tool', which a sandboxed static mini-site does not serve. Excerpt is the thread title."
E-024,2026-08-02,atlassian_community,https://community.atlassian.com/forums/Confluence-questions/Embed-a-Power-BI-report-into-using-iframe-it-s-not-embedding-it-s-inert-just-a-screenshot/qaq-p/2044442,"Embed a Power BI report into using iframe, it's not embedding, it's inert - just a screenshot.",unknown,unknown,user,unknown,BI/reporting owner publishing to a wider Confluence audience,complaint,"it's not embedding, it's inert - just a screenshot",it's inert - just a screenshot,"When I put a Power BI report on a Confluence page, I want it to stay interactive, so readers can filter and explore instead of staring at a picture.",Embedding a Power BI report and getting a non-interactive rendering,A genuinely interactive embedded report,iframe embed of the Power BI report,Embed degrades to a static image — the core 'live vs. screenshot' complaint,"Filtering, slicing, drill-down inside the report",interactive embed; preserves report controls,"Underlying data lives in Power BI (authenticated); the interactivity complaint transfers, the data source does not",Publish-to-web link used as a Smart Link (per related threads),unknown,unknown,unknown,no,,qualified,,4,observed-in-search-snippet,J08,Excerpt is user-authored (thread title) and is the sharpest verbatim for the 'inline but dead' pain. historical=true inferred from thread-ID ordering; date not observed. Sibling thread: https://community.atlassian.com/forums/Confluence-questions/Dispaly-Power-BI-Dashboard-in-Confluence/qaq-p/2579924
E-025,2026-08-02,atlassian_community,https://community.atlassian.com/forums/Confluence-questions/How-to-fix-iFrame-and-smart-links-that-stop-working/qaq-p/2972642,How to fix iFrame and smart links that stop working,unknown,unknown,user,unknown,Confluence page owner/admin maintaining embedded content,complaint,Anything to do with smartlinks just make my heart sink and makes me detest the 'product management' of atlassian product.,iFrame and smart links that stop working,"When I embed content on a Confluence page, I want the embed to keep working after edits, so I stop re-fixing pages that silently revert to plain links.",Embedded content reverting to a link after editing the page,"Stable, durable embeds that survive page edits",Re-applying the embed / switching between iframe macro and Smart Link,"Explicit, strongly worded distrust of the native Smart Links embed path",unknown,durable embed that survives page edit/republish,None observed,unknown,unknown,unknown,unknown,no,,qualified,,4,observed-in-search-snippet,NAT,Strongest observed verbatim of dissatisfaction with the NATIVE embed route — useful as the counterweight to the Smart Links counterevidence artifact.
E-026,2026-08-02,atlassian_community,https://community.atlassian.com/forums/Confluence-questions/Can-I-build-a-confluence-page-with-dynamic-content/qaq-p/2908039,Can I build a confluence page with dynamic content,unknown,cloud,user,unknown,Confluence author/space admin building a self-service page,question,Can I build a confluence page with dynamic content,dynamic content,"When readers need different slices of the same page, I want dropdowns and conditional display on the page, so one page adapts instead of many static pages.",Wanting reader-driven filtering/conditional content on a single page,A page where selecting an option changes what is displayed,"Thread suggests Expand macros per element, or a table whose second column holds Expand macros","Answer states ""Confluence Cloud doesn't support full dynamic content filtering natively""",Dropdown selection with conditional display logic,client-side interactivity; conditional rendering; no server round-trip,None observed — pure client-side interactivity over authored content is exactly a static-bundle workload,"Confluence Forms; Advanced Tables for Confluence; ""custom development or third-party add-ons""",Steered to Marketplace apps or custom development,unknown,unknown,no,,qualified,,4,observed-in-search-snippet,J13,Deployment marked cloud because the surfaced answer explicitly addresses Confluence Cloud. Excerpt is the thread title.
E-027,2026-08-02,atlassian_community,https://community.atlassian.com/forums/Confluence-questions/Adding-HTML-Directly-in-Confluence-Pages/qaq-p/3240107,Solved: Adding HTML Directly in Confluence Pages,unknown,cloud,user,unknown,Confluence author migrated from Server/DC where the HTML macro existed,question,Adding HTML Directly in Confluence Pages,why the ability to add HTML directly into Confluence pages disappeared,"When I need custom markup on a page, I want to add HTML directly again, so I can build the layout/behaviour the editor can't express.",Noticing the ability to add HTML directly to Confluence pages has disappeared,Restore direct HTML authoring on the page,unknown,Capability was removed and users are still hunting for it,unknown,raw HTML/CSS/JS on the page; no admin enablement of a legacy macro,"Some HTML-macro asks want host-page DOM/CSS access (styling the surrounding page), which a sandboxed iframe mini-site cannot provide",An HTML Macro for Confluence app from the Atlassian Marketplace,Marked Solved; answer points to a Marketplace HTML macro app,unknown,unknown,no,D-01,excluded_duplicate,same underlying request as first-listed member of D-01,4,observed-in-search-snippet,J02,"Highest thread ID observed in this sweep, so likely the most recent (2026) datapoint that the raw-HTML demand persists — date itself not observed. Excerpt is the thread title."
E-028,2026-08-02,atlassian_community,https://community.atlassian.com/forums/Confluence-questions/HTML-macro-on-Confluence-Cloud/qaq-p/1318974,Solved: HTML macro on Confluence Cloud?,unknown,cloud,user,unknown,Community leader / Atlassian-experienced responder,counterevidence,Confluence Cloud does not permit the HTML macro as it's a security vulnerability to allow users the ability to add things like external javascript.,HTML macro on Confluence Cloud,"When I ask for raw HTML/JS on Confluence Cloud, I am told it is a security vulnerability, so I need a sandboxed alternative or none at all.",User asking for the HTML macro on Cloud and being told it does not and will not exist,"n/a — this is the platform's refusal, recorded as a constraint",Marketplace apps that insert the HTML as an iFrame,n/a,n/a,sandboxed execution; no shared-tenant risk,n/a,"AURA Content Formatting Macros ""embed raw HTML/CSS/JS in a sandboxed environment""; HTML Macro for Confluence with ""iframe sandboxing, IP/domain allowlisting""",Community consensus: raw HTML/JS will not return natively; sandboxed third-party apps are the accepted path,n/a,unknown,no,D-05,qualified_counterevidence,,4,observed-in-search-snippet,J02,COUNTEREVIDENCE / constraint: explains why the native path is permanently closed AND why buyers' security teams frame this category as risky — but also validates the 'sandboxed iframe' shape as the accepted answer. historical=true inferred from thread-ID ordering.
E-029,2026-08-02,atlassian_community,https://community.atlassian.com/forums/Confluence-articles/Embed-Jira-dashboards-amp-gadgets-in-Confluence-with-Smart-Links/ba-p/2717630,Embed Jira dashboards & gadgets in Confluence with Smart Links,unknown,cloud,atlassian,unknown,n/a,counterevidence,"your embedded dashboards remain interactive, so you can drill down into charts and graphs",n/a — Atlassian-authored article,"When my dashboard already lives in Jira or Atlassian Analytics, I want to paste its link into Confluence and get an interactive embed, so I need no third-party app.",Atlassian shipping Smart Links embeds for Jira dashboards/gadgets and Atlassian Analytics charts,n/a,n/a,n/a,Drill-down inside the embedded dashboard,"native, free; interactive; live Atlassian data",n/a,"Native Smart Links embed (""as simple as copy + paste""); related article: embedding single Atlassian Analytics charts in Confluence",Native capability shipped — removes the Jira/Atlassian-Analytics slice of the interactive-dashboard demand,n/a,unknown,yes,,excluded_from_demand,"vendor-authored: competitive/positioning context, not independent demand",2,observed-in-search-snippet,J08,"COUNTEREVIDENCE, Atlassian-authored (not a demand artifact). Bounds the market: anything sourced from Jira/Atlassian Analytics is served natively and free. Native charting from tables is likewise covered by Atlassian's Table Visualization article (https://community.atlassian.com/forums/Confluence-articles/Introducing-Table-Visualization-Quickly-turn-Confluence-tables/ba-p/2037230), which turns pag"
E-030,2026-08-02,atlassian_community,https://community.atlassian.com/forums/Confluence-questions/How-to-embed-Tableau-dashboard-in-Confluence-without-prompting-to-sign-in-to-Tableau-Server/qaq-p/1876135,How to embed Tableau dashboard in Confluence without prompting to sign in to Tableau Server,unknown,unknown,user,unknown,BI analyst publishing dashboards to a non-BI audience,question,How to embed Tableau dashboard in Confluence without prompting to sign in to Tableau Server,without prompting to sign in to Tableau Server,"When I embed a Tableau dashboard in Confluence, I want viewers to see it without a Tableau sign-in prompt, so the report is actually readable in the wiki.",Embedded Tableau dashboard demanding a separate Tableau Server login from every Confluence reader,Dashboard visible to Confluence readers with no second authentication step,iframe embed of the Tableau dashboard; HTML Include macro with JavaScript referencing Tableau reports,Second sign-in wall defeats the point of embedding,Tableau's own filters/controls,no second auth for viewers; inherits page audience,"Requires a live authenticated external BI source — outside a static-bundle model, though the 'no second login, inherit page permissions' requirement maps directly onto a Forge-permission-inheriting product","""Tableau for Confluence Cloud"" app released for the same functionality",Pointed to a dedicated Marketplace app,unknown,unknown,no,,qualified,,4,observed-in-search-snippet,J08,"Useful because the stated pain is AUTH FRICTION, not rendering: readers should see it because they can see the page. historical=true inferred from thread-ID ordering; date not observed. Related: https://community.atlassian.com/forums/Confluence-questions/How-to-implement-tableau-page-in-confluence-with-iframe/qaq-p/2099435"
E-031,2026-08-02,atlassian_community,https://community.atlassian.com/forums/Confluence-questions/How-to-upload-a-HTML-files-project-folder-with-sub-pages-and/qaq-p/2806119,How to upload a HTML files project folder with sub pages and supporting images to a confluence,unknown,unknown,user,unknown,Technical writer / engineer with generated HTML output (docs or report build artifact),question,You can only upload a .zip file containing a folder (the name of the folder will apply as the space name),HTML files project folder with sub pages and supporting images,"When I have a generated multi-file HTML project (sub-pages plus supporting images/assets) on disk, I want to upload the whole folder into Confluence and have it render with its internal links and assets intact, so I can share the artifact with my team without rebuilding it as wiki pages.",Has an existing folder of HTML plus images/assets that needs to live inside Confluence,The folder renders as a working multi-page HTML artifact inside Confluence,"Confluence's zip-based HTML import, which converts pages into wiki content rather than serving the files; supplemental media must sit in a folder named after the page. Others suggested uploading files as page attachments or using WebDAV.",The import path converts HTML into Confluence pages rather than serving the site; asset/sub-page structure has to be reshaped to match Confluence's expected zip layout instead of being preserved as-authored,Navigation between sub-pages within the uploaded artifact,upload a whole folder/zip of static files; preserve relative links between files; serve supporting images/CSS/JS assets alongside HTML; render multi-page output inline in Confluence,"none observed — need is read-only static multi-file rendering, no host-page DOM access or write-back implied","Native Confluence HTML import (zip), page attachments, WebDAV, converting to Word and using the built-in importer",unknown,unknown,not visible in snippet,no,D-02,excluded_duplicate,same underlying request as first-listed member of D-02,4,observed-in-search-snippet,J01,"CLOSEST SINGLE MATCH IN THE WHOLE SWEEP to the Mini Site value proposition: upload a folder of static files, get it rendered in Confluence. Excerpt is a reply/answer sentence describing the native zip-import constraint, not the original poster's own words; the original_problem_language field carries the OP phrasing as it appears in the thread title, which I observed verbatim in search results. Dat"
E-032,2026-08-02,atlassian_community,https://community.atlassian.com/forums/Confluence-questions/Confluence-Cloud-Static-HTML-Content/qaq-p/2619230,Solved: Confluence Cloud - Static HTML Content,unknown,cloud,vendor,unknown,Product engineer at a SaaS vendor building an Atlassian integration,question,"if using Forge, it is based on React, which may fit the use case very well",export reports (React UI Page) to Confluence,"When my SaaS product generates a report as a React UI page, I want to push it into a customer's Confluence Cloud page as live static content, so my users can consume the report where they already work instead of exporting it separately.",Building an export-to-Confluence feature in a commercial SaaS product,Generated HTML/React report content renders natively inside a Confluence Cloud page,"Generated HTML corresponding to the React components and pushed it to Confluence, hitting the HTML macro, which the thread notes is a legacy feature requiring specific enabling","The HTML macro path is legacy and gated, so pushing generated HTML into Confluence Cloud is not a reliable integration surface for a product feature",Report viewing; interactivity level of the React report not specified,render generated static/React HTML in Confluence Cloud; programmatic push of content into a page; works on Cloud without an admin-enabled legacy macro,"POSSIBLE DISQUALIFIER: wants programmatic/API push of bundles from an external SaaS backend into Confluence, which is a publish-API need beyond a user-driven folder upload",Build a Confluence Cloud app; Forge recommended because it is React-based,Thread is marked Solved; whether the asker actually built a Forge app is not visible,Building this into a commercial product — implies budget and sustained need,marked Solved; counts not visible,no,D-08,excluded_duplicate,same underlying request as first-listed member of D-08,4,observed-in-search-snippet,J04,"CANDIDATE LEAD: a SaaS vendor with a recurring, revenue-linked need to render generated HTML reports inside customer Confluence Cloud instances — a repeatable workflow, not a one-off. Note the author is a vendor of a DIFFERENT product acting here as a Confluence user, so vendor_authored=false (this is genuine demand, not marketing). Excerpt is from the accepted answer; the OP's own phrasing surviv"
E-033,2026-08-02,atlassian_community,https://community.atlassian.com/forums/Confluence-questions/Confluence-amp-Customer-Service-Decision-Tree/qaq-p/2151445,Confluence & Customer Service Decision Tree,unknown,unknown,user,unknown,Customer support / contact centre operations lead,question,It's not possible to do this natively in Confluence and a quick search of the Atlassian Marketplace doesn't find anything that matches,"knowledge base for officers where they can easily search answers regarding specific issues, in the form of a decision tree","When a support officer is on a call with a customer, I want a question-driven decision tree inside our Confluence knowledge base, so the officer is led step-by-step to the correct answer instead of searching static pages.",Support officers need to resolve customer issues fast during live interactions,An interactive branching Q&A flow that leads the officer to a final answer,"Building the flows manually as linked Confluence pages, which the thread describes as cumbersome and slow; flowcharting plugins were also suggested but are not dynamic","Nothing native does it, and at the time of posting the responder could not find a Marketplace app that matched either","Click-through branching: user answers a question, next question or terminal answer appears","branching question/answer logic; state carried between steps; embedded in Confluence, not an external tool; authored by non-developers ideally",none observed for a read-only guided flow; would become disqualifying only if outcomes must be logged back into Confluence or Jira,Hand-built Confluence page flows; flowcharting plugins; connecting a third-party application via Workato or Zapier,unknown,unknown,not visible in snippet,no,,qualified,,4,observed-in-search-snippet,J05,"Strong statement of the guided-troubleshooting job. Excerpt is a responder's sentence, not the OP's; original_problem_language carries the OP-side phrasing as rendered by the search backend and may be lightly paraphrased by that backend — flagging because I could not open the page to confirm word-for-word. historical=true inferred from thread ID ~2.15M per the ID-ordering heuristic; actual date no"
E-034,2026-08-02,atlassian_community,https://community.atlassian.com/forums/Confluence-questions/How-do-I-create-a-question-decision-tree-documentation/qaq-p/2709998,How do I create a question decision tree documentation?,unknown,unknown,user,unknown,Documentation author / knowledge manager,question,"You can create sections with expanders using questions and YES/NO as expandable text blocks, but they will stay static",articles ask users questions and reveal further questions based on answers to help troubleshoot and reach a final answer,"When I document a troubleshooting procedure, I want the article to ask the reader a question and reveal the next question based on their answer, so they reach the final resolution without reading everything.",Writing troubleshooting documentation that is too branching to read linearly,A dynamic question tree where each answer determines what is shown next,"Nested Expand macros with YES/NO blocks, and diagramming apps to show connections",The expander workaround stays static and the blocks do not influence each other; diagramming apps are not dynamic either,"Answer a question, see the next branch — genuine conditional rendering, not just collapse/expand",conditional show/hide driven by user answers; state shared across steps; authorable inside Confluence,none observed — a self-contained JS decision tree needs no host-page DOM access or authenticated API,"Expand macros, diagramming apps, Atlassian Marketplace search, Guided Pathways for Confluence, Confluence whiteboards",unknown,unknown,not visible in snippet,no,,qualified,,4,observed-in-search-snippet,J05,"Cleanest articulation of WHY the native workaround fails: expanders are static and 'won't influence each other' — i.e. the missing capability is conditional state, exactly what a sandboxed JS mini-site supplies. Excerpt is from the answer describing the failed workaround; original_problem_language is the search backend's rendering of the OP's ask and may be lightly paraphrased. historical=false in"
E-035,2026-08-02,other,https://jira.atlassian.com/browse/CONFCLOUD-75473,Add Decision Tree functionality to a page | Confluence Cloud,unknown,cloud,user,unknown,Support content owner / SOP author on Confluence Cloud,feature_request,decision trees can greatly streamline complex support articles along with SOPs,complex support articles along with SOPs,"When I maintain complex support articles and SOPs in Confluence Cloud, I want native decision-tree functionality on a page, so readers follow only the branch that applies to them.",Support articles and SOPs too complex to present linearly,Decision tree as a first-class page feature in Confluence Cloud,unknown,Absence of the capability is itself the complaint — the request exists because nothing native does it,Reader-driven branch selection,"branching logic on a page; native or app-provided, Cloud-compatible",none observed,"Native Confluence Cloud feature (requested, not shipped)",Ticket remains an open suggestion on Atlassian's public tracker as far as the snippet shows,Filed a public suggestion ticket — active enough to lobby Atlassian directly,VOTE COUNT NOT VISIBLE — jira.atlassian.com was not fetchable and the search summary explicitly stated the vote count was not in the results. Do not cite a number for this ticket without re-checking.,no,,qualified,,4,observed-in-search-snippet,J05,"Valuable because it is demand aimed at ATLASSIAN rather than at the Marketplace — evidence the gap is perceived as a platform hole, and confirmation Atlassian has not filled it. Excerpt is from the ticket description as rendered in the search summary. Deployment=cloud is certain: CONFCLOUD is the Confluence Cloud project key. Vote count is the single most useful missing datum here; flagging for a "
E-036,2026-08-02,atlassian_community,https://community.atlassian.com/forums/Confluence-questions/Add-simple-interactive-formula/qaq-p/2539196,Add simple interactive formula - Confluence,unknown,unknown,user,unknown,Business/ops user building a small reckoner for colleagues,question,you can't have simple interactive formulas because Confluence is a wiki application and not a Spreadsheet application,formula like [A] + [B] = where users could input values for A and B to get a calculated result,"When I put a formula on a Confluence page, I want readers to type their own values into inputs and see the computed result immediately, so the page works as a calculator rather than a static description of a calculation.",Needs a reader-operated calculation on a page,Live inputs producing a computed output on the page,Third-party spreadsheet-style apps (Elements Spreadsheet with the Project Table macro was recommended),"Flatly refused as out of scope for a wiki; the offered substitute is a spreadsheet grid, not a purpose-built calculator UI","Type values into inputs, read computed output",reader-editable input fields; client-side computation; result rendered without saving the page or entering edit mode,none observed if the calculation is self-contained; would disqualify only if inputs must persist back into Confluence content,Elements Spreadsheet / Project Table macro; various Marketplace calculation plugins,unknown,unknown,not visible in snippet,no,,qualified,,4,observed-in-search-snippet,J06,"The 'Confluence is a wiki, not a spreadsheet' answer is the canonical brush-off pattern across every calculator thread I found, and it is worth quoting in the brief as the incumbent framing the product has to displace. IMPORTANT: original_problem_language here is the search backend's reconstruction — it was introduced with 'The original question appears to have been about', so treat the '[A] + [B]"
E-037,2026-08-02,atlassian_community,https://community.atlassian.com/forums/Confluence-questions/Calculations-formulas-in-confluence-page-that-changes/qaq-p/2166226,Calculations/formulas in confluence page that changes dynamically,unknown,unknown,user,unknown,Business user maintaining a numbers page,question,"Calculations are not possible natively in Confluence. However, there are a lot of apps in the marketplace that will provide the same.",Calculations/formulas in confluence page that changes dynamically,"When my Confluence page contains figures that depend on each other, I want the values to recalculate dynamically, so the page stays correct without manual re-entry.",Page figures go stale because nothing recomputes them,Formulas on the page that update dynamically,"Marketplace apps — Table Filter and Charts (Table Transformer / Table Spreadsheet macros), embedding an Excel file via the Excel macro, Simple Tables calculated columns",Nothing native; every route is a paid third-party app and most are table/spreadsheet shaped rather than free-form,Values update as inputs change,dynamic recomputation on a page; not restricted to a table grid,PARTIAL DISQUALIFIER: much of this demand is table-shaped and is well served by existing table/spreadsheet apps; only the free-form calculator slice maps to a static-bundle mini-site,"Table Filter and Charts for Confluence, Elements/Excel embedding, Simple Tables",unknown,unknown,not visible in snippet,no,,qualified,,4,observed-in-search-snippet,J06,"Include mainly as VOLUME evidence that 'no native calculation' is a standing, repeatedly-asked gap — this exact question recurred across at least six distinct thread URLs in my sweep (1641392, 1008146, 2502728, 3123536, 3223295, 2166226). But read the disqualifier: the incumbent table-app answer is strong here, so this is a weaker wedge than the decision-tree/prototype threads. Excerpt is a respon"
E-038,2026-08-02,atlassian_community,https://community.atlassian.com/forums/Confluence-questions/Does-confluence-support-if-then-logic-on-data-fields/qaq-p/2097047,Does confluence support if/then logic on data fields?,unknown,unknown,user,unknown,Process owner building a form-like or conditional page,question,"out of the box Confluence task lists don't support this functionality, and this kind of work is normally intended for Jira",if/then logic on data fields,"When I build a page with data fields, I want if/then logic so fields and sections react to earlier entries, so the page adapts instead of showing everything to everyone.",Wants a page whose content responds conditionally to entered data,Conditional display/behaviour driven by field values,"ScriptRunner scripting (Server/DC only), Automation for Jira, or ProForma forms for show/hide of form sections",Answer redirects the user out of Confluence entirely — 'that's a Jira thing' — rather than solving it on the page,"Enter/select a value, page reveals or hides dependent content",conditional show/hide within a page; logic evaluated client-side; no admin scripting engine required,none observed for self-contained logic; disqualifying if the fields must be Confluence-native stored data,"ScriptRunner, Automation for Jira, ProForma conditional sections; Confluence Databases confirmed as NOT supporting conditional logic",unknown,unknown,not visible in snippet,no,,qualified,,4,observed-in-search-snippet,J06,"Useful for the brief because the answer pattern is deflection-to-Jira, which leaves the on-page job unsolved — a positioning opening. Also captured alongside this: the search summary stated Confluence Databases do not support conditional logic, e.g. 'show this field only if referenced as critical', corroborating that the newer native Databases feature does NOT close this gap. Excerpt is a responde"
E-039,2026-08-02,atlassian_community,https://community.atlassian.com/forums/Confluence-questions/Atlassian-Cloud-how-to-add-custom-javascript-or-html-for-an/qaq-p/941069,Atlassian Cloud - how to add custom javascript or html for an embedded iframe,unknown,cloud,user,unknown,Confluence Cloud admin or power user migrating Server-era habits,question,Confluence Cloud does not offer native HTML and Javascript support without the addition of Add-On to Confluence,add custom javascript or html for an embedded iframe,"When I need custom HTML and JavaScript inside an embedded frame on a Confluence Cloud page, I want a supported way to add it, so I can put custom interactive content on the page.",Wants custom JS/HTML on a Cloud page and finds no native route,Custom HTML/JS rendering inside a Confluence Cloud page,Install one of the Marketplace HTML/iframe add-ons,Requires buying an add-on for what was native on Server; no first-party path exists,Whatever the embedded custom code provides,custom HTML + JS execution on Cloud; sandboxed/iframe delivery,none observed,Marketplace add-ons enabling HTML and JavaScript — the responder counted five at the time,unknown,Accepts that an add-on purchase is the route,not visible in snippet,no,D-06,excluded_duplicate,same underlying request as first-listed member of D-06,4,observed-in-search-snippet,J02,"MARKET-SIZE MARKER: 'a quick marketplace search shows there are 5 possible add-ons which enable HTML and Javascript' — a dated competitive count from the answer, useful for showing the category existed and has since grown (my marketplace query surfaced at least six distinct HTML/iframe listings: 1221472, 1235901, 1670180315, 1215813, 1231085, 1238347). Excerpt is a responder sentence. deployment=c"
E-040,2026-08-02,atlassian_community,https://community.atlassian.com/forums/Confluence-questions/Adding-HTML-Directly-in-Confluence-Pages/qaq-p/3240107,Solved: Adding HTML Directly in Confluence Pages,unknown,cloud,user,unknown,Confluence Cloud user with existing custom-HTML pages,complaint,"In Confluence Cloud, the HTML macro is not available by default and generally cannot be enabled due to Atlassian's security policies","why the ability to add HTML directly into Confluence pages disappeared, questioning whether it was removed intentionally","When I previously added HTML directly to a Confluence page and that ability disappeared, I want to know whether it was removed on purpose and what replaces it, so I can restore my page's custom content.",A previously working capability vanished from the user's instance,"Get direct HTML back on the page, or a supported equivalent","iframes via the Embed macro, or third-party tools that generate embeddable content",Capability regression with no first-party replacement; user has to discover the removal by hitting it,unknown,"custom HTML on a Cloud page; supported and durable, not a legacy macro that can be withdrawn",none observed,Embed macro with iframes; third-party embeddable-content tools,Thread is marked Solved,unknown,marked Solved; counts not visible,no,D-01,excluded_duplicate,same underlying request as first-listed member of D-01,4,observed-in-search-snippet,J02,"MOST RECENT artifact in this set by thread ID (~3.24M), so the best evidence that this gap is live TODAY and not a legacy Server-era grievance — worth weighting accordingly. CAVEAT ON THE EXCERPT: this sentence appeared in the search backend's summary for the cluster containing this thread, and I could not confirm it is a reply in THIS thread rather than backend synthesis drawn from adjacent docum"
E-041,2026-08-02,atlassian_community,https://community.atlassian.com/forums/Confluence-questions/Host-the-website-html-pages-in-confluence/qaq-p/1086022,Host the website(html pages) in confluence,unknown,server,user,unknown,Confluence Server administrator,question,"For Confluence, the HTML files have to be added to the file system, there is no way to upload in the UI",Host the website(html pages) in confluence,"When I have a set of website HTML pages, I want to host and serve them from Confluence itself, so my team reaches them at a Confluence URL instead of standing up separate hosting.",Wants Confluence to act as the host for a small internal site,HTML pages served and rendered from Confluence,Dropping a folder into /opt/atlassian/confluence/confluence/ on the server filesystem; the user reported the page source was visible but not rendered properly,"Filesystem hosting requires server access, has no UI path, and — per the official KB — bypasses Confluence session and permissions entirely, so files are reachable by URL with no login",Browsing the hosted pages,serve multi-file static HTML; no server filesystem access required; permission-inheriting rather than publicly reachable,"Server/DC context, so not directly a Cloud lead — but the underlying job is identical",Atlassian KB 'How to Use Confluence to Serve Static Content'; related bug CONFSERVER-53166 'Confluence does not render static HTML Files',Workaround did not render correctly for this user,unknown,not visible in snippet,no,D-10,qualified,,4,observed-in-search-snippet,J01,"STRONGEST SECURITY-ANGLE EVIDENCE in the sweep: the official KB route explicitly states Confluence session and permissions do NOT apply to statically served files and they are reachable by URL without login. That is precisely the failure mode the product's permission-inheriting design closes, so this artifact is worth citing for positioning even though it is Server-side and old. deployment=server "
E-042,2026-08-02,other,https://community.developer.atlassian.com/t/how-to-render-user-inputted-html-in-confluence-macro-using-forge-for-cloud-development/68509,How to Render User Inputted HTML in Confluence Macro Using Forge for Cloud Development,unknown,cloud,user,unknown,Forge app developer,question,How to Render User Inputted HTML in Confluence Macro Using Forge for Cloud Development,Render User Inputted HTML in Confluence Macro,"When I build a Confluence Cloud macro on Forge, I want to render HTML that the end user supplies, so the macro can display arbitrary user-authored markup on the page.",Building a Forge app that must display user-supplied HTML,User-supplied HTML renders safely inside a Forge macro,"Custom UI, where module content is displayed inside a special Forge iframe with the sandbox attribute configured",The Forge sandbox constrains what user-supplied HTML can do — the search summary noted HTML links inside the Forge iframe are not clickable and require the router.navigate API from @forge/bridge,Whatever the user's HTML implements,render arbitrary user HTML; sandboxed execution; link navigation working inside the sandbox,BUILD-VS-BUY: this developer is constructing the competing capability in-house rather than seeking a product,"Forge Custom UI with static resources (HTML, CSS, JavaScript, images) hosted by the Forge platform",unknown,Actively building the capability themselves,not visible in snippet,no,D-11,qualified,,4,observed-in-search-snippet,DIY,"BUILD-SIDE COUNTERWEIGHT: recorded because it shows developers hitting the exact technical problems this product solves — sandboxing user HTML, and the Forge-iframe link/navigation constraint requiring router.navigate. That link-clickability constraint is a concrete implementation gotcha worth carrying into the brief. Excerpt is the thread TITLE, which I observed verbatim in search results; I did "
E-043,2026-08-02,atlassian_community,https://community.atlassian.com/forums/Confluence-questions/Dynamic-decision-trees/qaq-p/384000,Dynamic decision trees,unknown,unknown,user,unknown,Cost-conscious Confluence author,counterevidence,"By using expand within expand within expand, you can create several levels of the tree",Dynamic decision trees,"When I want a branching guide in Confluence, I want to build it from stock macros I already have, so I avoid buying an app for a one-off need.",Needs a branching guide without purchasing anything,A usable multi-level tree built from native Confluence macros,Nested Expand macros — expand within expand within expand — to fake tree depth,"Partially satisfied: it works structurally but is not dynamic, and one discussion in this cluster noted the limitation that an Expand macro could not be nested inside another, while current documentation says nesting is now supported",Click to expand successive levels,"multi-level branching presentation; zero cost, no app install",N/A — recorded as counterevidence,"Nested Expand macros (free, native); Confluence whiteboards were also raised elsewhere as a native visual-mapping route",Adopted as a good-enough free native workaround by at least some users,NEGATIVE — this user explicitly routes around paying for an app,not visible in snippet,no,,qualified_counterevidence,,4,observed-in-search-snippet,J05,"COUNTEREVIDENCE, deliberately included: the free nested-Expand pattern is the single most common 'good enough' substitute and it caps willingness to pay for simple trees. The honest read is that it satisfies PRESENTATION but not LOGIC — cross-reference thread 2709998 in this set, where the same workaround is rejected because the blocks 'stay static and won't influence each other'. Also note Atlass"
E-044,2026-08-02,marketplace_review,https://marketplace.atlassian.com/apps/1235901/html-macro-pro-for-confluence-free-embed-html-and-iframes,HTML Macro Pro for Confluence FREE - Embed HTML and iframes,unknown,cloud,vendor,unknown,N/A,counterevidence,HTML Macro Pro for Confluence FREE - Embed HTML and iframes,Embed HTML and iframes,"When I need custom HTML, JS or an iframe on a Confluence Cloud page, I want a free Marketplace app that does it, so I get the capability without a budget request.","N/A — competitive listing, not a user post",Custom HTML/CSS/JS and iframes on Confluence Cloud pages at zero cost,N/A,N/A,N/A,single-snippet HTML/CSS/JS embedding; iframe embedding; CSP/trusted-domain controls,N/A — recorded as competitive counterevidence,"Free HTML/iframe macro apps. At least two free listings surfaced: this one (1235901) and HTML Macro for Confluence (Free) (1670180315). Paid/rated ones include HTML Macro for Confluence (1221472), Iframes for Confluence (1215813), HTML Macro (1231085), Custom HTML and iFrame Embedder (1238347)",unknown — no install counts or ratings were visible,NEGATIVE for the single-file case — a free tier exists,"NO review text, ratings, or install counts were retrievable — marketplace.atlassian.com was not fetched per the blocked-domain policy",yes,,excluded_from_demand,"vendor-authored: competitive/positioning context, not independent demand",2,observed-in-search-snippet,J02,"COMPETITIVE COUNTEREVIDENCE and the sharpest strategic caution in this brief: the single-snippet HTML/JS embed job is already commoditised, with free options. The defensible differentiation is therefore NOT 'run HTML in Confluence' — it is the multi-file folder/bundle case (see artifact 2806119), permission inheritance (see artifact 1086022, where the native route leaks files publicly), and secret"
E-045,2026-08-02,atlassian_community,https://community.atlassian.com/t5/App-Central/Decision-tree-driven-content-A-fresh-approach-to-Confluence/m-p/2633521,Decision tree-driven content: A fresh approach to Confluence navigation!,unknown,cloud,vendor,unknown,N/A,feature_request,"helping users see the right content, in the right order",navigating multiple interlinked Confluence pages,"When users must navigate multiple interlinked Confluence pages to complete a process, I want the content organised into a branching guide with clear logical steps, so they see the right content in the right order.",N/A — vendor launch announcement,Branching guided pathways through existing Confluence content,N/A,N/A,Step-by-step guided navigation,branching guides over existing pages; step sequencing,"N/A — competitive context, not demand","Guided Pathways for Confluence by Kolekti (Adaptavist), Marketplace listing 1232574",unknown — no install or rating data visible,N/A,not visible in snippet,yes,,excluded_from_demand,"vendor-authored: competitive/positioning context, not independent demand",2,observed-in-search-snippet,J05,"VENDOR-AUTHORED, NOT A DEMAND ARTIFACT — recorded strictly as competitive context and clearly flagged. Two things make it useful. First, an established vendor (Adaptavist's Kolekti) has productised the decision-tree job, validating the demand and naming the buyer segments: onboarding, escalation policies, ITSM runbooks, and disaster recovery. Second, this app is the answer now recommended in the c"
E-046,2026-08-02,atlassian_community,https://community.atlassian.com/forums/Confluence-questions/Adding-HTML-Directly-in-Confluence-Pages/qaq-p/3240107,Solved: Adding HTML Directly in Confluence Pages,unknown,cloud,user,unknown,Confluence Cloud page author / space admin migrating expectations from Server,question,Marketplace apps handle this safely via a sandboxed iframe.,why the ability to add HTML directly into Confluence pages disappeared and whether it was removed on purpose,"When I want to put custom HTML on a Confluence Cloud page, I want a supported way to do it, so I can stop hunting for a feature that was silently removed.",User went looking for the native HTML capability they expected and found it gone; asked whether the removal was deliberate.,Add custom HTML/CSS/JS to a Cloud page without an unsupported hack.,Third-party Marketplace macro apps that wrap content in a sandboxed iframe (HTML by Mosaic named in replies).,Capability vanished with no in-product explanation; the only path forward is a paid third-party app.,unknown,render arbitrary HTML/CSS/JS inline on a Cloud page; sandboxed execution acceptable to Atlassian's XSS posture,none observed,HTML by Mosaic; sandboxed-iframe Marketplace macros generally,"Marked Solved; resolution was to buy a Marketplace app, not a native fix.",unknown,unknown,no,D-01,excluded_duplicate,same underlying request as first-listed member of D-01,4,observed-in-search-snippet,J02,"STRONGEST single fit for Mini Sites' positioning. Replies articulate the exact market rationale the product depends on: Atlassian will not ship this natively without sandboxing, so a sandboxed app is the only category that can serve it. Also confirms DC's HTML macro is off by default. CAVEAT: excerpt is from the search backend's summary of the reply, not a rendered quote; the OP's own wording is p"
E-047,2026-08-02,atlassian_community,https://community.atlassian.com/forums/Confluence-questions/Confluence-Cloud-Static-HTML-Content/qaq-p/2619230,Solved: Confluence Cloud - Static HTML Content,unknown,cloud,user,unknown,Developer or tech lead with an existing React build wanting to publish it internally,question,The HTML macro is no longer available on cloud instances due to security reasons.,trying to export React UI pages as HTML content to Confluence Cloud,"When I have a React UI exported as static HTML, I want to surface it inside Confluence Cloud, so I can share a working interface with my team where the docs already live.",User had already built and exported React UI pages as HTML and hit a wall getting them into Cloud.,Static HTML output of a real front-end app rendering on a Confluence Cloud page.,None working; advised to use a Marketplace app or build a bespoke Forge app.,Legacy HTML macro removed; remaining options are buy an app or become a developer.,unknown,host built front-end artifacts (multi-file static output); render inline on a Confluence Cloud page,none observed — a React build output is exactly the multi-file bundle shape Mini Sites ingests,Third-party Marketplace macro; building a custom Forge app (noted as React-based),"Marked Solved; the community's advice was 'build your own Forge app', which is a strong signal the packaged-product gap is real.",unknown,unknown,no,D-08,excluded_duplicate,same underlying request as first-listed member of D-08,4,observed-in-search-snippet,J04,"Highest-value JTBD match in the set: React build output = multi-file bundle, which is precisely Mini Sites' input format and is NOT served by single-textarea HTML-macro apps. The fact that the accepted answer was 'write your own Forge app' quantifies the unserved gap. Excerpt is the reply's stated reason, observed in the summary. No date visible."
E-048,2026-08-02,atlassian_community,https://community.atlassian.com/forums/Confluence-questions/How-to-upload-a-HTML-files-project-folder-with-sub-pages-and/qaq-p/2806119,How to upload a HTML files project folder with sub pages and supporting images to a confluence,unknown,unknown,user,unknown,Docs owner or engineer with generated/legacy static site output,question,you can't directly upload HTML files unless you create a conversion tool,HTML files project folder with sub pages and supporting images,"When I have a project folder of HTML with sub-pages and supporting images, I want to upload the whole folder to Confluence, so I can keep the site's internal links and assets intact.",User holds a complete HTML project folder (sub-pages + images) and needs it inside Confluence as a unit.,"The folder published intact, with sub-page navigation and image references still resolving.",Confluence Cloud HTML Importer (zip upload) which converts files into separate Confluence pages; or manual copy-paste plus post-migration link fixing.,"The native importer destroys the site — it converts HTML into Confluence pages, drops unsupported media, and breaks links, rather than serving the folder as a site.",Sub-page navigation within the bundle,multi-file folder upload preserving structure; relative-path asset and link resolution; serve as a site rather than convert to wiki pages,none observed,Spaces > Import from other tools > HTML zip; copy-paste migration,No clean answer; all suggested paths degrade the artifact.,unknown,unknown,no,D-02,excluded_duplicate,same underlying request as first-listed member of D-02,4,observed-in-search-snippet,J01,Best evidence for the FOLDER-not-snippet distinction that separates Mini Sites from every HTML-macro competitor. Note the key insight buried in the answers: Atlassian's own HTML Importer solves a DIFFERENT job (convert HTML into wiki pages) than the one asked (serve a folder as a live site) — that mismatch is the wedge. Excerpt observed in summary of the answers. No date visible.
E-049,2026-08-02,atlassian_community,https://community.atlassian.com/forums/Confluence-questions/Render-HTML/qaq-p/2421345,Render HTML - Confluence,unknown,unknown,user,unknown,Page author with hand-written interactive HTML,question,the only way to add that type of content is through iframes,pasting HTML code with CSS and JavaScript popups into Confluence to have it render like a browser would,"When I paste HTML with CSS and JavaScript popups into Confluence, I want it to render the way a browser would, so I can show interactive content instead of raw markup.","User pasted working HTML/CSS/JS into a page and got inert markup instead of a rendered, interactive result.",Interactive content (JS-driven popups) behaving on the page as it does in a browser.,iframe pointing at externally hosted content.,Requires standing up external hosting for what should be page content; JS is the specific blocker.,JavaScript-driven popups / interactivity,execute JavaScript in-page; no external hosting prerequisite,none observed,iframe macro; an unnamed HTML macro app,Answer confirms no native path; iframe + external hosting is the ceiling.,unknown,unknown,no,D-03,excluded_duplicate,same underlying request as first-listed member of D-03,4,observed-in-search-snippet,J02,"Captures the 'I must go rent hosting to show a popup' friction that Mini Sites removes by hosting the bundle itself. The OP description is the search backend's paraphrase and is stored in original_problem_language; the verbatim field holds the answer's wording, which is what I actually saw rendered. No date visible."
E-050,2026-08-02,atlassian_community,https://community.atlassian.com/forums/Confluence-questions/is-it-possible-to-render-a-html-document-page-in-Confluence-that/qaq-p/2380173,is it possible to render a html document page in Confluence that generated using techdocs and stored,unknown,unknown,user,unknown,Platform/DevEx engineer running a docs-as-code (Backstage TechDocs) pipeline,question,Confluence can automatically create a page for that document using the generated HTML files on S3,html document page ... generated using techdocs and stored,"When my toolchain generates HTML docs into S3, I want Confluence to render them on a page automatically, so readers get current docs without a manual re-publish.",Automated techdocs pipeline emits HTML to S3; the last mile into Confluence is manual or missing.,"Generated docs rendering in Confluence, ideally kept in sync with the generator.","HTML macro app rendering from a page attachment, or referencing the S3 URL from an iframe/macro (needs access config).",No first-class path from a CI docs pipeline to a rendered Confluence page.,unknown,render generated multi-file HTML output; ideally programmatic/automated publish,PARTIAL — the S3-backed 'stays automatically in sync' framing implies pull-from-remote or an authenticated publish API; a manual folder upload only covers the render half of this job,HTML Macro for Confluence (attachment rendering); remote-URL rendering,unknown,unknown,unknown,no,,qualified,,4,observed-in-search-snippet,J01,"Adjacent-but-instructive: the render need matches Mini Sites, the sync need does not. Worth carrying into the brief as an explicit scope boundary (and a possible CI-publish roadmap signal) rather than as a clean win. Excerpt observed in summary. No date visible."
E-051,2026-08-02,atlassian_community,https://community.atlassian.com/forums/Confluence-questions/Using-iframe-macro-for-grafana-dashboard/qaq-p/2542828,Solved: Using iframe macro for grafana dashboard,unknown,unknown,user,unknown,SRE / platform engineer building a runbook or ops page,complaint,the dashboard was not loading and resulted in a blank space,dashboard was not loading and resulted in a blank space,"When I want a Grafana dashboard visible on a Confluence page, I want the embed to actually render, so my team sees metrics next to the runbook instead of an empty box.",Used the supported native iframe macro; got a blank region with no error surfaced in-product.,A live dashboard panel rendering inline on the page.,"Debug X-Frame-Options in DevTools, then ask the Grafana owners to change server headers to permit framing.",The fix is not available to the person with the problem — it requires modifying a third-party system's response headers.,Live dashboard interaction,embed that does not depend on the target site permitting framing,"YES — needs live authenticated data from an external system; Mini Sites' sandbox has no outbound network access, so this job is only served by shipping a static JSON snapshot in the bundle",Grafana allow_embedding config; X-Frame-Options inspection,"Marked Solved, but the resolution is 'go change Grafana's headers' — the user's own instance was never fixable from Confluence.",unknown,unknown,no,D-09,excluded_duplicate,same underlying request as first-listed member of D-09,4,observed-in-search-snippet,J08,"Recorded because it maps the BOUNDARY of the opportunity, not the opportunity itself. Live-data dashboards are a large, visible, recurring Confluence pain that Mini Sites structurally cannot serve. Useful as an anti-positioning guardrail so the brief does not overclaim the dashboard segment. Excerpt observed in summary. No date visible."
E-052,2026-08-02,other,https://community.developer.atlassian.com/t/grafana-dashboard-integration/41842,Grafana dashboard integration - Confluence Cloud - The Atlassian Developer Community,unknown,cloud,user,unknown,App developer / internal tooling engineer on the Atlassian developer community,question,Confluence users need to be OAuth2-authorized to fetch dashboards from Grafana,macro/gadget to integrate Grafana dashboards (only accessible with OAuth2),"When our dashboards sit behind OAuth2, I want a Confluence macro that authorizes the viewing user, so each reader sees data they are actually entitled to.",Developer attempting to build a macro/gadget and blocked on both per-user auth and iframe restrictions.,Per-viewer authorized dashboard rendering inside Confluence.,Building a bespoke integration; blocked on xframe inclusion and session management.,No off-the-shelf app handles per-user OAuth2 plus framing constraints together.,Authenticated live dashboard,per-user OAuth2 token exchange; session management across the frame boundary,YES — hard disqualifier. Requires authenticated outbound API calls and per-user session propagation; explicitly outside a no-network static sandbox,unknown,unknown,Building custom — real effort already committed,unknown,no,,qualified,,4,observed-in-search-snippet,J08,Deliberately included as a clean negative example so the pipeline can separate 'static bundle' demand from 'authenticated live integration' demand — these two get conflated in every generic 'embed things in Confluence' search. No author handle or date visible in the summary.
E-053,2026-08-02,other,https://community.developer.atlassian.com/t/how-to-render-user-inputted-html-in-confluence-macro-using-forge-for-cloud-development/68509,How to Render User Inputted HTML in Confluence Macro Using Forge for Cloud Development,2023-04-14,cloud,user,unknown,"Forge app developer, likely building an internal tool",question,the page was displaying the HTML directly rather than rendered,render HTML input from a user on a page in a Confluence macro developed using Forge,"When I build a Forge macro that accepts user HTML, I want it to render rather than print as text, so my macro behaves like the HTML macro people expect.","Developer built a Forge macro, fed it user HTML, and got escaped markup on the page.",User-supplied HTML rendering correctly inside a Forge macro.,AdfRenderer from @forge/react; requestConfluence() to convert content via REST.,Forge's default rendering path escapes HTML; achieving browser-like rendering is non-obvious.,unknown,render raw HTML inside a Forge macro,none observed,@forge/react AdfRenderer; Confluence REST conversion API,unknown,Building their own app rather than buying — evidence the buy option was not visible or not trusted,unknown,no,D-11,excluded_duplicate,same underlying request as first-listed member of D-11,4,observed-in-search-snippet,DIY,"One of only four artifacts in this set with an OBSERVED date (14 Apr 2023) — inside the 36-month window relative to the assumed 2026-08-02 capture date, so historical=false. Value to the brief: independent confirmation that developers reach for build-it-yourself, which is both a competitive threat and proof the packaged option lacks awareness. No author handle visible."
E-054,2026-08-02,atlassian_community,https://community.atlassian.com/forums/Confluence-questions/Conf-was-able-to-show-an-embedded-frame-for-Figma-links-why-now/qaq-p/3144500,"Conf. was able to show an embedded frame for Figma links, why now it looks like a ticket?",2025-10 (approx; thread references a mid-October 2025 platform change),cloud,user,unknown,Designer or PM running design review in Confluence,counterevidence,"starting from the previous week, the view changed to cards/tickets style","was able to show an embedded frame for Figma links, why now it looks like a ticket","When I put a design link on a page, I want the live interactive embed I had before, so reviewers can click through the prototype instead of seeing a link card.",Atlassian changed Figma smart links to default to card view; the user's existing embedded prototypes silently degraded.,Interactive embedded frame restored on the page.,Set 'Display as' > Embed per link; or fall back to the iframe macro with Figma's copy-embed code.,A working native capability regressed without notice and had to be re-applied per link.,Clickable prototype interaction,stable interactive inline embed that does not silently degrade,PARTIAL — for hosted third-party design tools the native smart link is free and adequate when it works; this competes with Mini Sites only for self-hosted/exported prototypes,Smart Links display-as-Embed; iframe macro + Figma embed code,"Resolved by re-selecting Embed display mode — native path recovered, no app purchased.",unknown,unknown,no,,qualified_counterevidence,,4,observed-in-search-snippet,J10,"COUNTEREVIDENCE, and the most important one here: for the clickable-prototype use case, hosted SaaS tools (Figma) are already served free by native smart links. Mini Sites' prototype angle is therefore only defensible for EXPORTED/self-contained prototypes with no SaaS host. Also documents that native embed behaviour is unstable across platform changes — a secondary reliability argument. Date is i"
E-055,2026-08-02,other,https://jira.atlassian.com/browse/CONFCLOUD-27141,Support simple user macros in Confluence Cloud,created 05/Nov/2012; last updated 20/Aug/2025,cloud,user,unknown,Confluence Cloud admins migrated from Server,feature_request,"The Confluence Cloud environment does not currently support user macros, although templates are supported.",Support simple user macros in Confluence Cloud,"When I need reusable custom markup across pages, I want user macros in Cloud like Server had, so I can standardise custom content without buying an app.","Server/DC parity gap: user macros exist there, not in Cloud.",User-defined macros producing custom markup in Cloud.,Templates (an inadequate substitute); Marketplace apps.,Open and unresolved for well over a decade with sustained vote accumulation.,unknown,reusable user-defined custom markup in Cloud,"PARTIAL — user macros are about reusable templated markup, a narrower and different job than publishing a multi-file interactive site",Templates; Marketplace apps,Still open; no native implementation.,"66 votes / 59 watchers — sustained, if modest, demand","66 votes, 59 watchers (observed); created 05/Nov/2012, updated 20/Aug/2025",no,,qualified,,4,observed-in-search-snippet,J03,"Only artifact in the set with hard engagement numbers. historical=true because it originated in 2012, but the 20/Aug/2025 update shows it is still live — the durability of the Cloud-vs-Server customisation gap is the point, not the raw vote count. Relevance to Mini Sites is INDIRECT; do not present 66 votes as demand for this product."
E-056,2026-08-02,atlassian_community,https://community.atlassian.com/forums/Confluence-questions/Host-the-website-html-pages-in-confluence/qaq-p/1086022,Host the website(html pages) in confluence,unknown,server,user,unknown,Confluence Server admin with filesystem access,workaround,"could see the source code, it wasn't rendered in the correct format",added a folder XYZ to the Confluence directory and tried to access the index page,"When I have a website's HTML pages, I want to host them from Confluence itself, so the site lives with the docs instead of on separate infrastructure.",User dropped a folder into the Confluence install directory and got raw source instead of a rendered page.,A multi-page website served from Confluence and rendering properly.,"Filesystem placement in <Confluence-Install-Directory>/confluence plus a <meta name=""decorator"" content=""none""/> tag — a Server-only hack unavailable in Cloud.",No supported hosting path; requires server filesystem access and undocumented decorator tricks.,unknown,serve a multi-page site from within Confluence; index.html entry point,none observed for the underlying job,decorator meta tag; Atlassian 'How to Use Confluence to Serve Static Content' KB; all-in-one file importer; HTML for Confluence,Workaround exists on Server; the same thread states there is no HTML/JS/CSS path in Confluence generally — only externally hosted iframes.,Went as far as editing the server install directory — high effort tolerance,unknown,no,D-10,excluded_duplicate,same underlying request as first-listed member of D-10,4,observed-in-search-snippet,J01,"historical=true and deployment=server: this is the PRE-CLOUD version of the exact Mini Sites job, and it is valuable precisely because it shows the workaround people used (filesystem + decorator) is structurally impossible in Cloud. That evaporation of the self-serve hack is the origin of the Cloud demand. This is also the one URL I attempted to WebFetch — returned 403, so all detail here comes fr"
E-057,2026-08-02,atlassian_community,https://community.atlassian.com/forums/Confluence-questions/Can-i-upload-a-bulk-of-html-files-to-Confluence/qaq-p/1432673,Solved: Can i upload a bulk of html files to Confluence?,unknown,unknown,user,unknown,Docs owner or admin doing a migration,question,Files can be uploaded in bulk using the Confluence WebDAV Plugin,upload a bulk of html files to Confluence,"When I have many HTML files, I want to get them all into Confluence at once, so I avoid uploading and fixing them one at a time.",Volume of HTML files makes manual per-file handling impractical.,All HTML files in Confluence without per-file manual work.,Confluence CLI runFromCsv; REST API page creation; WebDAV plugin; convert to Word and use the built-in importer.,Every path is a scripted or admin-level workaround; nothing is self-serve.,unknown,batch ingest of many HTML files,PARTIAL — this is a content-migration job (HTML becomes wiki pages) rather than a site-publishing job; overlaps Mini Sites only on the 'many files at once' surface,"Confluence CLI, REST API, WebDAV plugin, Word conversion, HTML Importer (Beta) for Cloud",Marked Solved via scripted/admin workarounds.,unknown,unknown,no,D-12,qualified,,4,observed-in-search-snippet,J01,"historical=true — the answers reference Server-era tooling (WebDAV plugin, CLI) and predate the Cloud HTML Importer beta that later results mention. Included mainly as the migration-flavoured counterpart to artifact 2806119; together they let the brief distinguish 'convert HTML to pages' demand from 'publish a folder as a site' demand, which is the single most important segmentation call in this s"
E-058,2026-08-02,atlassian_community,https://community.atlassian.com/forums/Confluence-questions/Atlassian-Cloud-how-to-add-custom-javascript-or-html-for-an/qaq-p/941069,Atlassian Cloud - how to add custom javascript or html for an embedded iframe,unknown,cloud,user,unknown,Confluence Cloud user or admin needing page-level customisation,question,Confluence Cloud does not offer native HTML and Javascript support without the addition of Add-On to Confluence,how to add custom javascript or html for an embedded iframe,"When I need custom JavaScript or HTML around an embedded iframe in Cloud, I want a supported mechanism, so I can build the interaction I need on the page.",Needed custom JS/HTML in Cloud and found no native support.,Custom JS/HTML running on a Confluence Cloud page.,Install a Marketplace add-on.,Native capability absent; a purchase is mandatory to do anything custom.,Custom JavaScript behaviour,run custom JavaScript on a Cloud page,none observed,Marketplace add-ons (the reply notes a marketplace search surfaced 5 candidates enabling HTML and JavaScript),Resolved as 'buy an add-on'.,unknown,unknown,no,D-06,excluded_duplicate,same underlying request as first-listed member of D-06,4,observed-in-search-snippet,J02,"historical=true — low qaq-p ID plus the reply's '5 possible add-ons' count reads as an early/thin Marketplace, well before the current crop. Useful as a time-series anchor: the same unmet need recurs from this thread through to 3240107, showing the gap is structural and long-lived rather than a passing product moment. No date visible."
E-059,2026-08-02,atlassian_community,https://community.atlassian.com/forums/Confluence-questions/HTML-macro-on-Confluence-Cloud/qaq-p/1318974,Solved: HTML macro on Confluence Cloud?,unknown,cloud,user,unknown,Confluence Cloud user coming from Server,counterevidence,Confluence Cloud does not permit the HTML macro as it's a security vulnerability,HTML macro on Confluence Cloud?,"When I want the HTML macro on Confluence Cloud, I want to know whether it exists, so I can stop looking for a feature that is deliberately withheld.",User searched for the HTML macro in Cloud and could not find it.,Use the HTML macro as on Server.,unknown,Users described frustration at the restriction even for personal/low-risk use cases.,unknown,arbitrary HTML on a Cloud page,none observed,unknown,Answer is a flat 'not permitted' on security grounds.,unknown,unknown,no,D-05,qualified_counterevidence,,4,observed-in-search-snippet,J02,"artifact_type=counterevidence because it records the SECURITY OBJECTION directly — the reason a buyer's security team may refuse this whole app category, phrased by the community as an inherent vulnerability rather than a solvable one. This is the objection Mini Sites' isolation + secret-scanning story must answer, so it belongs in the brief as a risk, not just as demand. historical=true inferred "
E-060,2026-08-02,blog,https://www.kolekti.com/resources/blog/why-confluence-cloud-has-no-native-html-macro,Why isn't there a native HTML macro in Confluence Cloud?,unknown,cloud,vendor,unknown,n/a,counterevidence,Why isn't there a native HTML macro in Confluence Cloud?,"n/a — vendor marketing, not a user problem statement","When buyers ask why HTML is missing from Cloud, the vendor wants to frame the absence as permanent, so a paid sandboxed macro becomes the obvious purchase.",Vendor content marketing targeting the highest-intent query in this category.,n/a,n/a,n/a,n/a,,NOT A DEMAND ARTIFACT — recorded as competitive context only,Kolekti / Aura Content Formatting Macros (sandboxed HTML macro),n/a,n/a,unknown,yes,,excluded_from_demand,"vendor-authored: competitive/positioning context, not independent demand",2,observed-in-search-snippet,J02,"NOT USER-AUTHORED — vendor_authored=true, include in the brief only as competitive/market context and never in demand counts. Recorded because the search results showed a dense, mature vendor SEO layer (Kolekti/Aura, Appfire, ServiceRocket, Bitwelt, Narva, OST Labs, Yamuno, Mosaic) all competing on this exact query. Two implications for the brief: (a) the category is validated and commercially con"
E-061,2026-08-02,atlassian_community,https://community.developer.atlassian.com/t/how-to-render-user-inputted-html-in-confluence-macro-using-forge-for-cloud-development/68509,How to Render User Inputted HTML in Confluence Macro Using Forge for Cloud Development,"2023-04 (April 2023, stated in search summary)",cloud,user,unknown,Forge app developer / Confluence Cloud macro builder,question,"wants to render HTML input from the user on the page, but is currently having the HTML display directly rather than being rendered",HTML displays directly rather than being rendered,"When I am building a Confluence Cloud macro on Forge and my users supply their own HTML, I want that HTML to actually render as a live document instead of showing as escaped source text, so I can put user-authored markup on the page.",Developer builds a Forge Confluence macro that accepts user-supplied HTML; the platform escapes it instead of rendering it.,User-supplied HTML renders as a live page inside the macro.,unknown,Forge macro surface has no first-class way to render arbitrary user HTML; the obvious approach silently escapes.,unknown,render arbitrary user-supplied HTML; execute in-page without escaping; Forge macro integration,none observed,"Adjacent docs surfaced alongside suggest AdfRenderer from @forge/react, or requestConfluence() to convert macro body to HTML — neither renders arbitrary user HTML/JS.",unknown,unknown,unknown,no,D-11,excluded_duplicate,same underlying request as first-listed member of D-11,4,observed-in-search-snippet,DIY,"BULLSEYE for the product thesis — this is the exact job Mini Site does, asked by a developer who hit the platform wall firsthand. Excerpt = search-summary paraphrase, NOT confirmed verbatim; page never rendered (WebFetch 403 on this domain). Date Apr 2023 came from the search summary and is one of only 7 dated items. Author handle not visible in snippet, so candidate_lead=false is a data gap, not "
E-062,2026-08-02,atlassian_community,https://community.developer.atlassian.com/t/confluence-forge-custom-ui-handling-iframe-embedding-for-different-content-types-whiteboards-databases-and-smart-links-fail-due-to-csp/98249,"Confluence Forge Custom UI: Handling iframe Embedding for Different Content Types — Whiteboards, Databases, and Smart Links Fail Due to CSP","2026-01 (January 2026, stated in search summary)",cloud,user,unknown,Forge Custom UI developer building an embedding macro,complaint,inconsistent Content Security Policy (CSP) behavior when displaying various Confluence content types in an iframe,fail due to CSP,"When I embed varied content types inside a Forge Custom UI macro iframe, I want CSP to behave predictably across content types, so I can ship one macro that reliably renders everything instead of failing silently on some.","Developer builds a Forge Custom UI Confluence macro; Whiteboards, Databases and Smart Links fail to load in the iframe due to CSP.","Consistent, documented CSP behaviour for iframe embedding inside Forge Custom UI.",unknown,CSP treatment varies by content type with no clear rule; developer cannot predict what will render.,unknown,iframe embedding inside Forge Custom UI; predictable CSP; multi-content-type rendering,"Concerns embedding Confluence-native content types (Whiteboards/Databases/Smart Links) rather than a self-contained static bundle — adjacent to the product, not identical.",unknown,unknown,unknown,unknown,no,,qualified,,4,observed-in-search-snippet,DIY,"Most RECENT strong developer-pain item (Jan 2026) and the clearest evidence that CSP inside Forge Custom UI is live, current friction — directly relevant to Mini Site's dispatch/CSP design. Excerpt = search-summary paraphrase, not confirmed verbatim. Title is directly observed and itself carries the finding."
E-063,2026-08-02,atlassian_community,https://community.developer.atlassian.com/t/why-does-forge-block-form-submission-to-external-domains-when-wildcard-egress-is-allowed/100451,Why does Forge block form submission to external domains when wildcard egress is allowed?,"2026-04 (April 2026, stated in search summary)",unknown,user,unknown,Forge Custom UI developer,complaint,Forge serves all app iframe resources with a default Content-Security-Policy response header that includes form-action 'self',blocks native HTML form submissions to any external URL inside a Forge Custom UI app even when wildcard fetch permission is declared in the manifest,"When my Forge Custom UI app contains an HTML form that must POST to an external URL, I want form-action CSP not to block it given I already declared wildcard egress, so I can use ordinary HTML forms inside the app.","Developer declares wildcard fetch/egress permission in the manifest, yet native HTML form submission to an external URL is still blocked.",HTML forms inside a Forge Custom UI app can post to declared external domains.,unknown,Manifest egress declaration does not actually grant what it appears to grant; form-action 'self' overrides it.,HTML form submission to a third-party endpoint,external form POST from inside Forge iframe; CSP form-action relaxation; egress permission honoured end-to-end,"DISQUALIFIER-BEARING: any uploaded mini-site containing a form that posts to an external endpoint will be blocked by Forge's default form-action 'self'. This is a real product constraint to document, not a demand signal.",unknown,unknown,unknown,unknown,no,,qualified,,4,observed-in-search-snippet,DIY,"Recorded primarily as a CONSTRAINT on the product, not as demand. Very recent (Apr 2026) and materially affects what an uploaded bundle can do. Excerpt = search-summary text that reads as near-quotation of the platform behaviour but is NOT confirmed verbatim. Worth first-hand verification before it informs any capability claim."
E-064,2026-08-02,atlassian_community,https://community.atlassian.com/forums/Confluence-questions/How-to-upload-a-HTML-files-project-folder-with-sub-pages-and/qaq-p/2806119,How to upload a HTML files project folder with sub pages and supporting images to a confluence,unknown,unknown,user,unknown,Technical writer / engineer with generated or legacy HTML docs,question,How to upload a HTML files project folder with sub pages and supporting images to a confluence,HTML files project folder with sub pages and supporting images,"When I have a multi-file HTML project folder with sub-pages and supporting images, I want to upload the whole folder into Confluence with structure and links intact, so I can share the site internally without rebuilding it page by page.",User has a finished multi-file HTML project (sub-pages plus images) and needs it inside Confluence.,The whole folder lands in Confluence with inter-page links and image references still working.,"Answers in results point to manual copy-paste, HTML-to-Word conversion, or writing a custom HTML-to-Confluence-XML conversion tool.",No native path preserves a directory structure with internal links; every route is lossy or manual.,Clicking through sub-pages of the uploaded site,multi-file folder upload; preserve relative links between pages; preserve image/asset references; no per-page manual rebuild,none observed,"Zip import (folder becomes space, each .html becomes a page); HTML-to-Word converter then built-in importer; custom conversion tool.",unknown,unknown,unknown,no,D-02,excluded_duplicate,same underlying request as first-listed member of D-02,4,observed-in-search-snippet,J01,"BULLSEYE — 'folder of HTML + assets, keep it clickable' is precisely the product's input contract, and every workaround offered converts the site into flat Confluence pages, destroying the live-site property. Excerpt = thread TITLE (directly observed, fully trustworthy). Date unknown; historical=false is an assumption, and the high post ID is NOT reliable evidence of recency."
E-065,2026-08-02,atlassian_community,https://community.atlassian.com/forums/Confluence-questions/Confluence-Cloud-Static-HTML-Content/qaq-p/2619230,Solved: Confluence Cloud - Static HTML Content,unknown,cloud,user,unknown,SaaS product engineer integrating with customers' Confluence,question,allow users export reports (React UI Page) to Confluence and initially tried generating HTML content corresponding to the React components,export reports (React UI Page) to Confluence,"When my SaaS product generates a React-rendered report, I want to publish that report into Confluence Cloud as live HTML, so my customers can read it in their wiki without me rebuilding it as native Confluence content.",Product team building report-export-to-Confluence; generated HTML has nowhere to live because the HTML macro is legacy/unavailable on Cloud.,Rendered report appears in a Confluence Cloud page as live HTML.,Attempted generating HTML corresponding to React components and pushing it to Confluence.,"HTML macro is a legacy feature and not available on Cloud, so the direct approach is a dead end.",unknown,render generated HTML in Cloud; programmatic publish from an external system; no native HTML macro dependency,"Wants programmatic publish from an external SaaS backend — needs an authenticated write path, which is a heavier integration than manual folder upload.","Thread's accepted answer recommends building a Confluence Cloud app with Forge, noting Forge is React-based.","Thread marked Solved; resolution was 'build a Forge app', i.e. no off-the-shelf answer existed.",Willing to build a Forge app for this — non-trivial engineering commitment.,Marked 'Solved' (visible in title),no,D-08,excluded_duplicate,same underlying request as first-listed member of D-08,4,observed-in-search-snippet,J04,"Strong signal: the community's own answer to 'how do I get live HTML into Cloud' was 'go build a Forge app' — which is exactly the gap this product fills off the shelf. Excerpt = search-summary paraphrase, NOT confirmed verbatim. WebFetch on this exact URL returned 403, so nothing here is first-hand."
E-066,2026-08-02,atlassian_community,https://community.atlassian.com/forums/Confluence-questions/Can-i-upload-a-bulk-of-html-files-to-Confluence/qaq-p/1432673,Solved: Can i upload a bulk of html files to Confluence?,unknown,unknown,user,unknown,Documentation owner / admin migrating static content,question,"Static content typically includes HTML pages, CSS and JS files and attachments. There is no way to upload all contents at once.",bulk of html files,"When I have a bundle of static content (HTML pages plus CSS, JS and attachments), I want to upload it to Confluence in one operation, so I can avoid uploading files one at a time.",User needs to move a body of static content (HTML + CSS + JS + attachments) into Confluence.,One-shot upload of a complete static content set.,unknown,Explicitly stated: there is no way to upload all contents at once.,unknown,single-operation bulk upload; CSS and JS carried alongside HTML; attachment handling,none observed,unknown,"Marked Solved, but the quoted line states the capability does not exist — 'solved' here likely means 'answered', not 'satisfied'.",unknown,Marked 'Solved' (visible in title),no,D-12,excluded_duplicate,same underlying request as first-listed member of D-12,4,observed-in-search-snippet,J01,"The excerpt names the exact payload shape the product accepts (HTML + CSS + JS + attachments) and asserts the gap plainly. Excerpt = search-summary text, reads as near-quotation but NOT confirmed verbatim. Likely an older Server-era thread; date unknown and historical=false is an assumption."
E-067,2026-08-02,atlassian_community,https://community.atlassian.com/forums/Confluence-questions/HTML-Macro-with-css-and-JS-not-working/qaq-p/1730184,Solved: HTML Macro with css and JS not working.,unknown,unknown,user,unknown,Confluence power user embedding a self-contained HTML snippet,complaint,"When saving, all CSS and JS elements are gone, though back in edit mode, the code is still there and the preview looks as intended.",all CSS and JS elements are gone,"When I paste HTML with style and script tags into an HTML macro, I want the CSS and JS to survive saving the page, so what readers see matches what I previewed.","User inserts a div plus <style> and <script>; preview is correct, saved page silently drops CSS and JS.","Saved page renders identically to the preview, with styling and behaviour intact.",Remove the <head> and/or <body> tags — the HTML macro already supplies them; the <html> tag itself is tolerated.,"Silent, invisible failure between preview and save; user must discover an undocumented tag-stripping rule by trial and error.",Scripted/interactive behaviour on the rendered page,CSS survives save; JS executes after save; paste a complete HTML document unmodified,none observed,Strip html/head/body wrapper tags before pasting.,Thread marked Solved via the tag-stripping workaround.,unknown,Marked 'Solved' (visible in title),no,,qualified,,4,observed-in-search-snippet,J02,"Excellent workaround artifact — shows the real-world tax of macro-based embedding: a full HTML document cannot be pasted as-is. Directly motivates 'upload the folder untouched'. Excerpt = search-summary paraphrase, NOT confirmed verbatim. Deployment unknown but native HTML macro implies Server/DC; date unknown, plausibly pre-2023 despite historical=false."
E-068,2026-08-02,atlassian_community,https://community.atlassian.com/forums/Confluence-questions/Adding-HTML-Directly-in-Confluence-Pages/qaq-p/3240107,Solved: Adding HTML Directly in Confluence Pages,unknown,unknown,user,unknown,Confluence page owner / space admin,question,"concerns about the ability to add HTML directly into Confluence pages disappearing, and asks whether it was removed intentionally",ability to add HTML directly into Confluence pages disappearing,"When the ability to add HTML directly to a Confluence page disappears, I want to know whether it was removed on purpose and what replaces it, so I can keep maintaining pages that depend on custom markup.",User finds direct-HTML capability gone from their Confluence pages and asks whether the removal was deliberate.,Restore or replace the ability to put custom HTML on a page.,unknown,Capability vanished without the user understanding why; existing pages presumably affected.,unknown,add custom HTML to a page; supported//sanctioned path; continuity for existing content,none observed,"Answers in the surrounding result set point to third-party add-ons or custom plugins, since Cloud has no native HTML macro.",Marked Solved; resolution appears to be 'use a Marketplace app'.,unknown,Marked 'Solved' (visible in title),no,D-01,excluded_duplicate,same underlying request as first-listed member of D-01,4,observed-in-search-snippet,J02,"Evidence the demand is still arriving, and that the community's standing answer routes users to Marketplace apps — favourable positioning for a paid app. Highest post ID observed (3240107), which SUGGESTS recency but I did not treat that as a date; published_at stays unknown. Excerpt = search-summary paraphrase, not confirmed verbatim."
E-069,2026-08-02,atlassian_community,https://community.atlassian.com/forums/Confluence-questions/Migrating-Confluence-DC-to-Cloud-HTML-macro/qaq-p/2245372,Solved: Migrating Confluence DC to Cloud - HTML macro,unknown,server,user,unknown,Confluence admin running a DC-to-Cloud migration,workaround,"installing HTML for Confluence on the Confluence DC system just prior to migration and converting native macros to that, then migrating to Cloud",HTML macro,"When I migrate from Confluence DC to Cloud and my pages depend on the native HTML macro that Cloud lacks, I want a conversion path that preserves those pages, so migration does not break my existing content.","DC-to-Cloud migration where existing pages use the native HTML macro, which does not exist on Cloud.",HTML-macro content survives the move to Cloud.,"Install a third-party HTML app on DC before migrating, convert native HTML macros into that app's macros, then migrate so the Cloud counterpart picks them up.",Requires buying and installing a vendor app on the source system purely to survive migration; few DC+Cloud apps offer a migration path because DC already ships the macro natively.,unknown,DC-to-Cloud macro migration path; HTML rendering parity on Cloud; pre-migration conversion tooling,"This is a migration-continuity job (preserve existing macro bodies), not the greenfield 'publish a folder as a site' job — a distinct buying trigger.","HTML for Confluence / HTML Macro for Confluence (Appfire, Narva Software) with server-to-cloud migration paths.",Marked Solved; workaround reportedly viable.,Willing to install and pay for a third-party app on BOTH DC and Cloud to preserve content.,Marked 'Solved' (visible in title),no,D-04,excluded_duplicate,same underlying request as first-listed member of D-04,4,observed-in-search-snippet,J03,"Names an entire trigger population — DC-to-Cloud migrators arriving with HTML-macro debt — and shows demonstrated willingness to pay. Note the migration path is a real competitive moat for incumbents that this product may not have. Excerpt = search-summary paraphrase, not confirmed verbatim. deployment='server' reflects the migration SOURCE; destination is Cloud."
E-070,2026-08-02,atlassian_community,https://community.developer.atlassian.com/t/using-customui-to-show-html-run-javascript-with-forge-ui/54047,Using customUI to show HTML & run javascript with forge UI,"2021-11 (November 2021, stated in search summary)",cloud,user,unknown,Forge app developer,question,"custom UI supports static resources like HTML, CSS, JavaScript, and images",show HTML & run javascript,"When I want to show HTML and run JavaScript inside a Forge app, I want to know whether Custom UI can host my static resources, so I can build a macro that renders real web content.",Developer evaluating whether Forge Custom UI can show HTML and execute JavaScript.,HTML renders and JavaScript executes inside a Forge Custom UI macro.,unknown,unknown — appears to be an evaluation/capability question rather than a complaint.,unknown,static HTML/CSS/JS/image hosting; JavaScript execution inside macro,none observed,"Custom UI static resources (HTML, CSS, JS, images) declared in the manifest.",Answered affirmatively — Custom UI does support static resources.,unknown,unknown,no,D-07,excluded_duplicate,same underlying request as first-listed member of D-07,4,observed-in-search-snippet,DIY,"HISTORICAL (Nov 2021, pre-2023) — included to date the origin of this demand thread, showing the need predates the current Cloud-only era. Note this is Forge-DEVELOPER-side static hosting (files you ship in your app), not END-USER upload, so it validates the mechanism rather than the end-user job. Excerpt = search-summary paraphrase. WebFetch on this exact URL returned 403."
E-071,2026-08-02,atlassian_community,https://community.developer.atlassian.com/t/forge-custom-ui-confluence-403-when-requesting-static-assets/60655,Forge Custom UI - Confluence - 403 when requesting static assets,"2022-08 (August 2022, stated in search summary)",cloud,user,unknown,Front-end developer building a Confluence Forge macro,complaint,setting up custom UI with static resources in the manifest file for a Confluence macro built with Tailwind + React + TypeScript,403 when requesting static assets,"When I ship a modern front-end build (Tailwind/React/TypeScript) as Forge Custom UI static resources for a Confluence macro, I want the assets to load instead of returning 403, so my macro renders.",Developer declares static resources in the manifest; Confluence returns 403 when the macro requests those assets.,Static assets served correctly to the macro iframe.,unknown,Standard front-end build output does not load reliably; opaque 403 with no clear cause.,unknown,reliable static asset serving; support for bundler output (Tailwind/React/TS); correct manifest resource declaration,none observed,unknown,unknown,unknown,unknown,no,,qualified,,4,observed-in-search-snippet,DIY,"HISTORICAL (Aug 2022, pre-2023). Useful as evidence that asset-serving inside Forge is fiddly enough to generate support threads — supports the 'let someone else host and serve the bundle' architecture. Excerpt = search-summary paraphrase, not confirmed verbatim."
E-072,2026-08-02,atlassian_community,https://community.developer.atlassian.com/t/forge-deploy-gives-size-related-error/83364,Forge deploy gives size related error,unknown,unknown,user,unknown,Forge app developer,question,"Each hosted resource can only be up to 50,000,000 bytes (zipped)",size related error,"When my Forge app's hosted resources grow large, I want to know the actual size ceiling and stay under it, so deployment does not fail.",Forge deploy fails with a size-related error once hosted resources exceed the limit.,"Successful deploy, or a documented size budget to design against.",unknown,Limit is discovered through deploy failure rather than documentation.,unknown,large bundle hosting; predictable size limits,Platform sizing constraint rather than an end-user job.,~50 MB zipped per hosted resource.,unknown,unknown,unknown,no,,qualified,,4,observed-in-search-snippet,DIY,"Recorded as SIZING CONTEXT, not demand — the ~50MB zipped ceiling on Forge-hosted resources is a concrete argument for hosting bundle bytes off-platform. Cross-reference the separate ~6MB frontend upload limit noted in artifact #15. Excerpt = search-summary text, not confirmed verbatim; treat the exact byte figure as unverified."
E-073,2026-08-02,atlassian_community,https://community.developer.atlassian.com/t/rfc-136-forge-staticview-macro-for-confluence-connect-migration-feedback/100892,"RFC-136: Forge staticView Macro for Confluence, Connect Migration & Feedback","2026-05 (May 2026, stated in search summary)",cloud,atlassian,unknown,Atlassian platform team,counterevidence,"RFC-136: Forge staticView Macro for Confluence, Connect Migration & Feedback",Forge staticView Macro for Confluence,"When Atlassian introduces a native staticView macro type for Confluence, I want to understand what it renders and how Connect apps migrate to it, so I can judge whether platform-native static rendering replaces my third-party approach.",Atlassian publishes an RFC for a Forge staticView macro type for Confluence.,Platform-native static macro rendering with a Connect migration story.,n/a,n/a,unknown,platform-native static rendering,n/a,Forge staticView macro (Atlassian first-party).,unknown — RFC stage,n/a,unknown,yes,,excluded_from_demand,"vendor-authored: competitive/positioning context, not independent demand",2,observed-in-search-snippet,DIY,"COUNTEREVIDENCE / PLATFORM RISK, and Atlassian-authored (not demand). The most recent platform item found (May 2026). I could NOT establish what staticView actually renders — my follow-up query was cut off by the search budget, so this rests on a one-line listing summary and the title alone. IMPORTANT: do not conclude either that this commoditises the product or that it doesn't; scope is genuinely"
E-074,2026-08-02,atlassian_community,https://community.atlassian.com/forums/Confluence-articles/Say-Hello-to-HTML-Importer-Bulk-Import-Your-HTML-Content-into/ba-p/2896851,Say Hello to HTML Importer: Bulk Import Your HTML Content into Confluence!,unknown,cloud,atlassian,unknown,Atlassian product marketing,counterevidence,"Site or org admins can access import options through the spaces dropdown menu and select ""Import from other tools""",Bulk Import Your HTML Content into Confluence,"When I have a body of HTML documentation to move into Confluence, I want a native bulk importer, so I can migrate content without a third-party app.",Atlassian ships a native HTML bulk-import capability for Confluence Cloud.,HTML content imported natively in bulk.,n/a,n/a,None — imported HTML becomes static Confluence pages,native bulk HTML import,"CRITICAL DISTINCTION: this CONVERTS HTML into native Confluence pages. It does not host a running site — JS does not execute, CSS is normalised away, and the artifact stops being a live clickable mini-site. It absorbs the 'migrate legacy docs' job but NOT the 'run my prototype/dashboard inline' job.",Native HTML Importer via Spaces > Import from other tools.,Shipped feature,n/a,unknown,yes,,excluded_from_demand,"vendor-authored: competitive/positioning context, not independent demand",2,observed-in-search-snippet,J03,"COUNTEREVIDENCE, Atlassian-authored (not demand). Materially narrows the addressable job: several import/migration threads in this set (#4, #6) are plausibly satisfied by this native feature, so treat pure doc-migration demand as partially commoditised and weight the live/interactive segment more heavily. Excerpt = search-summary text, not confirmed verbatim."
E-075,2026-08-02,other,https://community.adobe.com/t5/adobe-xd/how-to-embed-xd-prototypes-in-confluence-cloud-page/m-p/11048185,how to embed xd prototypes in confluence cloud page (Adobe XD community),unknown,cloud,user,unknown,Product designer sharing prototypes with a Confluence-based team,question,how to embed xd prototypes in confluence cloud page,embed xd prototypes in confluence cloud page,"When I have finished a clickable design prototype, I want to embed it directly in a Confluence Cloud page, so my team can click through it where the specs and discussion already live.",Designer wants a clickable prototype viewable inside a Confluence Cloud page rather than behind a separate tool link.,Prototype is clickable inline on the Confluence page.,unknown,unknown,Clicking through prototype screens/flows,embed interactive prototype; inline clickable in Confluence Cloud,"XD prototypes are hosted by Adobe and would normally be embedded by URL — a different shape from uploading a self-contained static bundle. Relevant to the persona and the job, less so to the mechanism.",unknown,unknown,unknown,"Surfaced repeatedly across 4 separate unrelated queries in this session, which suggests durable search relevance (weak inference, not a metric)",no,,qualified,,4,observed-in-search-snippet,J10,"WEAKEST-EVIDENCED item in this set — no snippet body was ever returned, so nearly every field is unknown and the excerpt is just the title (directly observed). Included ONLY because it is the sole artifact found covering the designer/clickable-prototype persona, which the seed queries did not otherwise reach. Treat as a pointer for follow-up research, not as substantiated demand."
E-076,2026-08-02,youtube,https://www.youtube.com/watch?v=4eDjed5IO0o,How To Embed HTML In Confluence [How To Guide 2026],2026-06-02,unknown,unknown,unknown,unknown,tutorial_comment,How To Embed HTML In Confluence [How To Guide 2026],'embed HTML in Confluence',"When I have HTML I want visible on a Confluence page, I want to embed it directly, so I can show rendered content instead of a code block.",unknown,HTML rendered inline on the page,unknown - video not fetchable,unknown,unknown,render arbitrary HTML inline on a Confluence page,none observed,unknown,unknown,unknown,unknown - view/like/comment counts not visible via search; youtube.com WebFetch 403,no,,qualified,,4,observed-in-search-snippet,J02,"KEYWORD-DEMAND SIGNAL, NOT USER TESTIMONY. This URL surfaced as a top hit in 5 of 14 separate queries (embed html macro, iframe tutorial, react/static site, attach html file, chart/d3) — it is the single most search-dominant asset in this space. Title is bare-keyword SEO with a year token, the signature of a volume-chasing how-to channel; that a channel finds it worth re-cutting this exact topic f"
E-077,2026-08-02,youtube,https://www.youtube.com/watch?v=dDfpMi8-2xg,How To Add Html To Confluence Pages (2026 Easy Guide),2025-12,unknown,unknown,unknown,unknown,tutorial_comment,How To Add Html To Confluence Pages (2026 Easy Guide),'add HTML to Confluence pages',"When I want custom HTML on a Confluence page, I want to add and manage it safely, so I can enrich pages without creating a security problem.",unknown,custom HTML added and managed safely,unknown,unknown,unknown,add custom HTML to a page; do it safely / manage it,none observed,unknown,unknown,unknown,unknown - not visible via search,no,,qualified,,4,observed-in-search-snippet,J02,"SAFETY FRAMING IS THE FINDING. Search summary described this as 'a December 2025 tutorial on adding and managing HTML content safely'. Safety appearing unprompted in a mass-market how-to title (not a vendor security page) suggests the sandboxing/secret-scanning story is legible to the mainstream audience, not just to security reviewers. Directly supports positioning the product's isolation as a he"
E-078,2026-08-02,youtube,https://www.youtube.com/watch?v=-gqqjSsvBgc,How to Add Custom HTML to Confluence Pages (Capable HTML Macro),2024-09-23,cloud,vendor,unknown,Confluence page author / admin,tutorial_comment,tutorial by Jack covering embedding custom code,'add custom HTML to Confluence pages',"When I need custom code on a Confluence page, I want a macro that embeds HTML/CSS/JS, so I can add functionality Confluence does not natively offer.",unknown,custom code embedded and rendered on the page,unknown,unknown,unknown,HTML/CSS/JS macro; render custom code inline,none observed,Capable HTML Macro,unknown,unknown - paid/free status of Capable macro not observed,unknown - not visible via search,yes,,excluded_from_demand,"vendor-authored: competitive/positioning context, not independent demand",2,observed-in-search-snippet,J02,"DIRECT COMPETITOR CONTENT. Vendor 'Capable' runs a tutorial-shaped marketing channel (same channel also produced the OpenAPI/Swagger embed video below, dated the same day 2024-09-23 — a coordinated content drop). Presenter named 'Jack' in the search summary; vendor staff, not a user lead. Confirms the single-macro paste-a-snippet paradigm is the incumbent UX the multi-file bundle product must diff"
E-079,2026-08-02,youtube,https://www.youtube.com/watch?v=sd3rRcW_HuQ,How to Embed & Render HTML in Confluence - Just Add+,2025-05,unknown,vendor,unknown,unknown,tutorial_comment,How to Embed & Render HTML in Confluence - Just Add+,'embed & render HTML',"When my HTML shows as escaped text in Confluence, I want it actually rendered, so I can see the working output on the page.",unknown,HTML rendered rather than displayed as source,unknown,unknown,unknown,render HTML (not escape it),none observed,Just Add+ HTML Macro,unknown,unknown,unknown - not visible via search,yes,,excluded_from_demand,"vendor-authored: competitive/positioning context, not independent demand",2,observed-in-search-snippet,J02,"VOCABULARY FINDING: 'embed' and 'render' are treated as two distinct user problems worth naming in one title. The pain being sold against is HTML appearing as literal source text. A crowded competitor set is now visible from titles alone — Capable, Just Add+, Aura, HTML Macro Pro (OST Labs), Narva, Appfire HTML for Confluence, Yamuno — all selling the same paste-a-snippet macro."
E-080,2026-08-02,youtube,https://www.youtube.com/watch?v=cgfHdETvoRM,"How to embed markdown, HTML, PlantUML, LaTex and more in Confluence | Markdown Macro for Confluence",2024-10,unknown,vendor,unknown,developer / technical writer,tutorial_comment,"How to embed markdown, HTML, PlantUML, LaTex and more in Confluence","'embed markdown, HTML, PlantUML, LaTex ... in Confluence'","When my source content is in a developer format (Markdown, HTML, PlantUML, LaTeX), I want it rendered natively in Confluence, so I can avoid manual re-authoring.",unknown,multiple developer formats rendered on-page,unknown,unknown,unknown,render Markdown; render HTML; render PlantUML; render LaTeX,none observed,Markdown Macro for Confluence,unknown,unknown,unknown - not visible via search,yes,,excluded_from_demand,"vendor-authored: competitive/positioning context, not independent demand",2,observed-in-search-snippet,NAT,"Presenter identified in the search summary as Boris Berenberg (Appfire) — a named vendor figure, so vendor_authored=true and NOT a design-partner lead. Useful as adjacency evidence: HTML is bundled with developer-source formats, implying the buyer for 'render my raw files' is a developer/tech-writer persona rather than a general business user."
E-081,2026-08-02,youtube,https://www.youtube.com/watch?v=3ZFf1SREMpE,How To Create Dynamic Confluence Forms Using HTML / JS,2021-03-31,unknown,unknown,unknown,Confluence admin / power user,tutorial_comment,How To Create Dynamic Confluence Forms Using HTML / JS,'dynamic Confluence forms using HTML / JS',"When I need a working interactive form on a Confluence page, I want to build it with HTML and JavaScript, so I can collect input without leaving Confluence.",unknown,a functioning interactive form embedded in the page,hand-written HTML/JS in a macro,unknown,user input into form fields; JS execution required,execute JavaScript in the embed; stateful/interactive UI; form input handling,"POSSIBLE DISQUALIFIER - forms usually imply write-back/persistence of submitted data, which a static sandboxed mini-site does not provide on its own",unknown,unknown,unknown,unknown - not visible via search,no,,qualified,,4,observed-in-search-snippet,J06,"HISTORICAL (2021) BUT THE JOB PERSISTED: a near-identical 2026 re-cut exists at https://www.youtube.com/watch?v=46vCDOV8pjM ('How to create dynamic forms in confluence (Easiest Way)(2026 Guide)'), summarised as teaching dynamic forms 'using HTML and JavaScript'. A five-year unbroken demand line for JS-executing interactive content on a page. Flagging the write-back disqualifier explicitly — forms "
E-082,2026-08-02,youtube,https://www.youtube.com/watch?v=1-uaC3p35LA,JavaScript? In MY Confluence? - Atlassian Summit 2012,2012-06-22,server,atlassian,unknown,Confluence admin / internal developer,tutorial_comment,"the HTML macro can be used to create functional, interactive forms and pages",'JavaScript? In MY Confluence?',"When a static wiki page is not enough, I want to run JavaScript inside Confluence, so I can turn pages into functional interactive tools.",unknown,"functional, interactive pages rather than static documents",HTML macro on Server,unknown,JS execution; interactive pages,run JavaScript inside a Confluence page; build interactive tools on-page,none observed,HTML macro,unknown,unknown,unknown - not visible via search,yes,,excluded_from_demand,"vendor-authored: competitive/positioning context, not independent demand",2,observed-in-search-snippet,NAT,"DEEPLY HISTORICAL (2012, Server era) — flagged historical=true, well outside the 36-month window. Included deliberately as origin evidence: the 'make Confluence pages into interactive apps' job is 14+ years old and was once served natively by the Server HTML macro. Cloud's removal of that affordance is the structural gap this product addresses. The title's incredulous framing shows JS-in-Confluenc"
E-083,2026-08-02,youtube,https://www.youtube.com/watch?v=hnucVI0Ol-o,Enhance Your Pages with Custom Macros | Forge Dev Den,2025-02-27,cloud,atlassian,unknown,developer building for their own org,tutorial_comment,Enhance Your Pages with Custom Macros | Forge Dev Den,'custom macros',"When Confluence lacks the on-page capability my team needs, I want to build a custom Forge macro, so I can add that capability myself.",unknown,custom on-page functionality via Forge,build it yourself on Forge,unknown,unknown,custom macro on a Confluence page; Forge app development,none observed,Atlassian Forge,unknown,"unknown - build-your-own path is free, which is the competing alternative to buying",unknown - not visible via search,yes,,excluded_from_demand,"vendor-authored: competitive/positioning context, not independent demand",2,observed-in-search-snippet,DIY,"BUILD-VS-BUY COUNTERPRESSURE. Atlassian actively evangelising DIY Forge macros (Feb 2025) means the technically-capable slice of the target audience has a free, first-party, security-blessed alternative. Relevant to pricing and to the pitch: the product must beat 'we'll just have a dev write a Forge macro' on time-to-value, not on capability. Also confirms the product's own Forge+Custom-UI archite"
E-084,2026-08-02,youtube,https://www.youtube.com/watch?v=lT8QBrJXvS0,How to Embed an Iframe in a Confluence Page (2026 Iframe Basics),2026-06-17,cloud,unknown,unknown,unknown,tutorial_comment,"create a new page, insert the iFrame macro using a slash command",'embed an iframe in a Confluence page',"When my content lives at an external URL, I want to iframe it into a Confluence page, so I can view it in context without switching tools.",unknown,external page displayed inline,native/marketplace iFrame macro pointed at an external URL,unknown,unknown,iframe an external URL inline,PARTIAL DISQUALIFIER - this job is satisfied by pointing at already-hosted content; it does not require the vendor to host the bundle,iFrame macro (inserted via slash command),unknown,unknown,unknown - not visible via search,no,,qualified,,4,observed-in-search-snippet,NAT,"THE PRIMARY SUBSTITUTE. 'iframe an external URL' is the cheapest path and needs no hosting. The product only wins over this when the user has NO place to host — which is precisely the multi-file-bundle-with-nowhere-to-put-it case. Note the slash-command insertion detail: users expect /macro discovery in the Cloud editor, so the mini-site macro must be findable that way."
E-085,2026-08-02,youtube,https://www.youtube.com/watch?v=yfBKOUrVP9A,How to embed an iframe in Confluence page?,2024-07-07,unknown,unknown,unknown,unknown,question,How to embed an iframe in Confluence page?,'How to embed an iframe in Confluence page?',"When I want external web content on a Confluence page, I want to know the supported way to iframe it, so I can stop guessing at macros.",unknown,a working iframe embed,unknown,unknown,unknown,iframe embed in a Confluence page,none observed,unknown,unknown,unknown,unknown - not visible via search,no,,qualified,,4,observed-in-search-snippet,NAT,"Title is phrased verbatim as a user question and the search summary described it as 'discusses various answers to this question' — the signature of a channel that harvests forum Q&A into video. Treated as artifact_type=question because the demand it mirrors is user-authored, but note the video itself is derivative content, NOT a first-party user post. Corroborating pain surfaced in the same query "
E-086,2026-08-02,youtube,https://www.youtube.com/watch?v=whQ4-2rC1hU,Embed API Documentation into Confluence with OpenAPI/Swagger,2024-09-23,unknown,vendor,unknown,API developer / developer-experience owner,tutorial_comment,embed and visualize your API documentation directly in Confluence,'embed API documentation into Confluence',"When my API spec lives outside the wiki, I want interactive API docs rendered inside Confluence, so readers can explore endpoints where they already read docs.",unknown,interactive API docs rendered on the page,unknown,unknown,expand/collapse endpoints; interactive spec browsing,render an interactive multi-view JS app inline; host generated doc assets,none observed for read-only rendering; 'try it out' request execution would need outbound network from the sandbox,Capable OpenAPI/Swagger Macro,unknown,unknown,unknown - not visible via search,yes,,excluded_from_demand,"vendor-authored: competitive/positioning context, not independent demand",2,observed-in-search-snippet,J11,"STRONGEST PRODUCT ANALOG IN THIS SET. Swagger UI is exactly a multi-file static JS app that must be hosted and framed — the same shape as the target product's bundle. A whole sub-market exists for it (also observed: AwesomeAPI 2021-01-27, Visualize OpenAPI 2021-03-02, SwaggerHub Integration 2022-08-18, and a '2026 Full Guide' re-cut at vmO6LoQvBKs dated 2026-01-16). That a dedicated paid app per s"
E-087,2026-08-02,youtube,https://www.youtube.com/watch?v=jJ_Nkz4tnCU,Microsoft Power BI for Confluence - How to embed Power BI report in Atlassian Confluence,2025-03,unknown,vendor,unknown,analyst / PMO / reporting owner,tutorial_comment,bringing interactive and editable Microsoft Power BI dashboards directly into Confluence pages,'embed Power BI report in Atlassian Confluence',"When my dashboard lives in another tool, I want it embedded live and interactive in Confluence, so stakeholders read current numbers in the page they already open.",unknown,"live, interactive dashboard visible in-page","screenshots or links out to the BI tool (implied, not observed)",unknown,interactive and editable dashboard,live interactive dashboard inline; authenticated data source,DISQUALIFIER - requires an authenticated connection to a live BI backend; a static sandboxed bundle cannot serve this job without the customer supplying their own data path,Microsoft Power BI for Confluence app,unknown,unknown,unknown - not visible via search,yes,,excluded_from_demand,"vendor-authored: competitive/positioning context, not independent demand",2,observed-in-search-snippet,J08,"ADJACENT-BUT-OUT-OF-SCOPE. Recorded to bound the market: the 'interactive dashboard in Confluence' demand is large and well-monetised, but the mainstream version of it wants authenticated live data (Power BI, Atlassian Analytics at vbUYL-1VrL0 dated 2023-03, Jira dashboards), which the product does not do. The realistic slice is self-contained JS dashboards with baked-in or client-fetched data. Do"
E-088,2026-08-02,youtube,https://www.youtube.com/watch?v=6I9I8Z5cW_A,How To Embed Figma Files In Confluence [Design Guide],2026-02,unknown,unknown,unknown,product designer / PM writing specs,tutorial_comment,How To Embed Figma Files In Confluence [Design Guide],'embed Figma files in Confluence',"When I have a design or clickable prototype, I want it embedded in the Confluence spec page, so reviewers can click through it beside the requirements.",unknown,design/prototype viewable and clickable in-page,Figma Integration for Confluence app; static screenshots (implied),unknown,click-through prototype navigation,embed a clickable prototype inline; preserve interactivity in-page,PARTIAL - Figma-hosted prototypes are already served by the first-party Figma integration; the mini-site product only wins where the prototype is hand-coded HTML rather than a Figma file,Figma / Figma Integration for Confluence,unknown,unknown,unknown - not visible via search,no,,qualified,,4,observed-in-search-snippet,J10,"CLICKABLE-PROTOTYPE JOB CONFIRMED, but mostly already served for Figma-native work. Same query surfaced Mocky (wireframe/mockup/prototype for Confluence, 2021-07, historical) and a generic 'How to embed a clickable prototype into a web page' (2022-09). The uncovered gap is the HAND-CODED prototype — an AI- or dev-generated multi-file HTML click-through that has no Figma file and no hosting. That i"
E-089,2026-08-02,youtube,https://www.youtube.com/watch?v=gWvcYA42iGk,Bulk import HTML pages in Confluence,2024-12-18,cloud,unknown,unknown,admin migrating content,counterevidence,upcoming feature for bulk importing HTML pages that creates a new space,'bulk import HTML pages',"When I have a folder of HTML files, I want to bring them into Confluence, so the content lives in the wiki instead of somewhere else.",unknown,HTML files brought into Confluence as a new space,native bulk HTML import,unknown,none - converted to static Confluence pages,ingest multiple HTML files at once,n/a - counterevidence,native Confluence HTML import,unknown,"unknown - native, free",unknown - not visible via search,no,,qualified_counterevidence,,4,observed-in-search-snippet,J01,"COUNTEREVIDENCE, WITH AN IMPORTANT DISTINCTION. Atlassian ships native multi-file HTML ingestion — but it CONVERTS files into ordinary Confluence pages in a new space; it does not run them as a live site (no JS, no CSS fidelity, no relative asset routing, no single embedded surface). Anyone whose real need is 'archive this documentation' is fully served for free and is NOT a prospect. The product'"
E-090,2026-08-02,youtube,https://www.youtube.com/watch?v=QtZn3k0Nyq0,How To Use Smart Links In Confluence [Productivity Tip],2026-02,cloud,unknown,unknown,general Confluence user,counterevidence,How To Use Smart Links In Confluence [Productivity Tip],'smart links',"When I want external content shown in a page, I want to paste a link and have it unfurl or embed, so I get rich context with zero setup.",unknown,rich embedded content from a pasted link,native Smart Links / paste-and-embed,unknown,varies by source; embedded view for supported providers,paste a URL and get an embedded view,n/a - counterevidence,Atlassian Smart Links,unknown,"unknown - native, free",unknown - not visible via search,no,,qualified_counterevidence,,4,observed-in-search-snippet,NAT,COUNTEREVIDENCE / ZERO-FRICTION SUBSTITUTE. Native paste-to-embed keeps absorbing the easy cases (a 2026-02 video plus multiple Shorts on the same topic show Atlassian and creators still pushing it). Corroborated from the same query set: community guidance now tells people to just paste a YouTube URL and pick 'Embed' rather than reach for an HTML macro at all. Implication: any mini-site pitch fram
E-091,2026-08-02,vendor_kb_article,https://appfire.atlassian.net/wiki/spaces/HTMLM/pages/358318258/Issue+using+new+editor+template+-+HTML+macro+error,HTML Macro for Confluence error: Using the new editor template,unknown,unknown,vendor_support,unknown,,complaint,the only way to edit the body of the HTML Macro is to delete it and create a new one,Users receive an error when using the HTML Macro inside a page created with the new editing experience (fabric / next-gen / v2 editor); macro body becomes uneditable.,Edit/maintain an embedded HTML snippet on a Confluence Cloud page over time without losing the content,Inserting or re-opening the Appfire HTML macro in the new Confluence Cloud editor,"Edit the embedded HTML in place, reliably, in the current editor",Delete the macro and recreate it from scratch,Macro body is not editable — content must be deleted and re-authored. Vendor's own KB frames this as a known editor-compatibility defect and notes many third-party marketplace macros hit bugs in the new editor.,,editable content after publish; compatibility with current Confluence Cloud editor,,"HTML Macro for Confluence Cloud (Appfire, app 1212279)",unknown,,unknown,yes,,excluded_from_demand,"vendor-authored: competitive/positioning context, not independent demand",2,observed-in-search-snippet,J02,Strongest observed proxy for the app's weak 2.9/4 rating: an editor-compatibility failure severe enough that the vendor documents 'delete and recreate' as the remedy. Excerpt seen in search-result summary of this vendor KB page; page itself not fetched (WebFetch blocked).
E-092,2026-08-02,community_forum_thread,https://community.atlassian.com/forums/Confluence-questions/Migrating-Confluence-DC-to-Cloud-HTML-macro/qaq-p/2245372,Solved: Migrating Confluence DC to Cloud - HTML macro,unknown,unknown,user,unknown,,complaint,all the HTML macros provided by vendors cannot offer the same functionality as an HTML macro on DC,Migrating Confluence DC to Cloud and finding the HTML macro does not behave the same; Cloud third-party HTML macros are always rendered inside an iframe.,Carry existing Server/Data Center HTML-macro content forward to Confluence Cloud with equivalent behavior after migration,Server/Data Center to Cloud migration,HTML/JS content that works after migration,"Accept iframe-sandboxed rendering, or redesign the content",Cloud HTML macro apps are strictly less capable than the DC HTML macro — sandboxed iframe means no access to the parent page DOM. Buyers arriving from DC expect parity and are disappointed by every vendor's Cloud app.,,render arbitrary HTML/CSS/JS; parity expectation with DC HTML macro,"Wants parent-page DOM manipulation, which no sandboxed Cloud app (including ours) can provide",third-party Cloud HTML macro apps (generic),unknown,,marked Solved,no,D-13,qualified,,4,observed-in-search-snippet,J03,"Excerpt observed in a search-result summary citing this thread; I could not open the thread (community.atlassian.com returns 403). Author identity not visible — recorded as user, but it may be a community leader or a vendor employee answering; treat vendor_authored=false as unverified."
E-093,2026-08-02,community_forum_thread,https://community.atlassian.com/forums/Confluence-questions/Migrating-Confluence-DC-to-Cloud-HTML-macro/qaq-p/2245372,Solved: Migrating Confluence DC to Cloud - HTML macro (sandboxing detail),unknown,unknown,user,unknown,,counterevidence,you cannot manipulate it's DOM (HTML). Your code will be sandboxed to your iframe.,"On Confluence Cloud all third-party connect macros are rendered within iframes, so there is no access to the parent document.",Run custom JavaScript on a Confluence Cloud page that affects the surrounding page,Trying to restyle or script the Confluence page itself from an HTML macro,Page-level customization,unknown,"A large share of the DC HTML-macro use case (page theming, global JS) is structurally impossible on Cloud",,parent-page DOM access — NOT satisfiable by any sandboxed Cloud app,"This segment is unservable by Mini Sites (or any Forge/Connect app); useful as a negative-qualification filter, not a lead",unknown,unknown,,,no,D-14,qualified_counterevidence,,4,observed-in-search-snippet,J03,"Separate excerpt from the same thread, recorded as counterevidence: it defines the boundary of the addressable market."
E-094,2026-08-02,community_forum_thread,https://community.atlassian.com/forums/Confluence-questions/HTML-Macro-with-css-and-JS-not-working/qaq-p/1730184,Solved: HTML Macro with css and JS not working.,unknown,unknown,user,unknown,,workaround,Removing ONLY the <body></body> tags did the trick,HTML macro with CSS and JS not working; the <head> and/or <body> tags are the problem.,Get a self-contained HTML page with its own CSS and JavaScript to actually execute inside a Confluence page,Pasting a complete HTML document (with <head>/<body>) into an HTML macro,Paste/upload a real HTML file and have it render and run unmodified,Manually delete <body></body> tags from the HTML before pasting,"A normal, valid HTML file does not work as-is — the user must hand-mangle the markup, stripping document tags, before the macro will run it. Painful trial-and-error with no clear error message.",,accept a complete HTML document unmodified; support external CSS and JS files,,"HTML macro (Cloud, vendor unspecified in snippet)",Reported working after removing body tags (thread marked Solved),,marked Solved,no,D-15,qualified,,4,observed-in-search-snippet,J01,Directly relevant to Mini Sites' pitch: upload the folder as-is. Excerpt seen in search-result summary of the thread; thread page not fetchable (403).
E-095,2026-08-02,community_forum_thread,https://community.atlassian.com/forums/Confluence-questions/Using-attached-data-as-src-for-CSS-and-JS-inside-HTML-Macro/qaq-p/1522260,Using attached data as src for CSS and JS inside HTML Macro?,unknown,unknown,user,unknown,,question,Using attached data as src for CSS and JS inside HTML Macro?,Asking whether page attachments can be used as the src for CSS and JS referenced inside an HTML macro,Reference multiple files (separate CSS and JS assets) from an HTML macro rather than inlining everything into one blob,Content too large / too structured to inline in a single macro body,Multi-file HTML/CSS/JS that resolves relative asset paths on a Confluence page,unknown,unknown — question only,,multi-file bundle; relative path resolution; no inlining required,,unknown,unknown,,unknown,no,,qualified,,4,observed-in-search-snippet,J01,Only the thread title was observed (search result listing); body/replies not visible because community.atlassian.com is 403. This is the single closest JTBD match to Mini Sites' multi-file value prop — worth a targeted re-check if access improves.
E-096,2026-08-02,community_forum_thread,https://community.atlassian.com/forums/Confluence-questions/height-of-an-iframe-in-a-Confluence-app-expands-infinitely-when/qaq-p/2760401,height of an iframe in a Confluence app expands infinitely when the html/body set to 100%,unknown,unknown,user,unknown,,complaint,height of an iframe in a Confluence app expands infinitely when the html/body set to 100%,"Iframe height in a Confluence app continuously expands infinitely when html and body are set to 100% height, causing layout problems",Embed a full-height interactive page/app in Confluence without the frame growing without bound or showing double scrollbars,Embedding content whose CSS uses height:100% on html/body,Correct automatic sizing of embedded content,Include Atlassian all.js and call AP.resize() to control iframe size,Layout breaks; the embed is unusable until the author changes their CSS or calls the Atlassian resize API,,robust iframe auto-height; handles height:100% content,,AP.resize() / all.js,unknown,,unknown,no,,qualified,,4,observed-in-search-snippet,J02,"Title observed in search results; also mirrored on the developer community (https://community.developer.atlassian.com/t/.../81963), which returned 403 on WebFetch. Sizing is a recurring, cross-vendor pain theme — relevant to how Mini Sites should size its frame."
E-097,2026-08-02,vendor_kb_article,https://appfire.atlassian.net/wiki/spaces/HTMLM/pages/358121504/Unable+to+auto+detect+variable+height+in+HTML+Macro+-+Zingtree,Unable to auto detect variable height in HTML Macro with Zingtree,unknown,unknown,vendor_support,unknown,,complaint,The Height macro parameter does not work when an iframe is included in a sanitized HTML Macro,Height cannot be auto-detected for variable-height embedded content; the Height parameter is ignored because the macro auto-resizes to an 'optimal' height,Embed a third-party interactive widget at the right height inside a Confluence page,Embedding a variable-height third-party widget (Zingtree) via the Appfire HTML macro,"Predictable, author-controlled height",unknown (vendor KB describes the limitation),The user's explicit height setting is silently overridden — a documented case where the app's own sizing logic defeats the configured parameter,,explicit height control that is honored; auto-height that works for variable content,,HTML Macro for Confluence Cloud (Appfire),unknown,,,yes,,excluded_from_demand,"vendor-authored: competitive/positioning context, not independent demand",2,observed-in-search-snippet,J02,Vendor-authored limitation doc for the 2.9/4-rated Appfire app; corroborates sizing as a review-driving pain.
E-098,2026-08-02,vendor_kb_article,https://appfire.atlassian.net/wiki/spaces/SUPPORT/pages/89133538/How+to+resolve+the+page+not+rendering+properly+for+HTML+macro,How to resolve the page not rendering properly for HTML macro,unknown,unknown,vendor_support,unknown,,complaint,it is a browser security issue that Appfire cannot control or bypass,"When a server returns the X-Frame-Options response header it limits rendering in an iframe; also, if the macro must render content from another Confluence instance given as an attachment, it cannot access the correct location and fails to render.",Embed an external web page or app inside a Confluence page via an HTML/iframe macro,"Embedding an external site that sets X-Frame-Options DENY/SAMEORIGIN, or pointing at an attachment on another Confluence instance",The embedded content renders,None offered for X-Frame-Options; use a different source,"The embed simply does not render, and the vendor explicitly disclaims the ability to fix it — a classic driver of low marketplace ratings ('bought it, my page still won't embed')",,content that does not depend on a third-party site allowing framing,,HTML Macro for Confluence Cloud (Appfire),unknown,,,yes,,excluded_from_demand,"vendor-authored: competitive/positioning context, not independent demand",2,observed-in-search-snippet,J02,Supports a positioning insight: iframe-an-external-URL apps inherit the target site's framing policy and fail; self-hosted bundle serving (Mini Sites) does not have this failure mode.
E-099,2026-08-02,vendor_kb_article,https://appfire.atlassian.net/wiki/spaces/SUPPORT/pages/555155533/FAQs+HTML+Macro+for+Confluence+Cloud+App,FAQs: HTML Macro for Confluence Cloud App,unknown,unknown,vendor_support,unknown,,complaint,running in an iframe inside the macro AND an iframe on the Confluence page,"JavaScript runs in a double iframe served from the app domain, not from Atlassian; JS is limited by sandboxing and cannot obtain the user's Confluence access token.",Understand why custom JavaScript behaves differently in the Cloud HTML macro than expected,Writing JavaScript for the macro and finding it cannot reach Confluence or the page,Predictable JS execution environment,unknown,Developers repeatedly hit the double-iframe/sandbox wall; the FAQ exists because this surprises buyers,,clear sandbox contract communicated before purchase,,HTML Macro for Confluence Cloud (Appfire),unknown,,,yes,,excluded_from_demand,"vendor-authored: competitive/positioning context, not independent demand",2,observed-in-search-snippet,J02,Vendor FAQ; included because the questions it answers map to the likely complaint themes behind the 2.9/4 rating (expectation gap on JS capability).
E-100,2026-08-02,community_forum_thread,https://community.atlassian.com/forums/Confluence-questions/HTML-Macro-can-s-work-properly/qaq-p/2998224,HTML Macro can's work properly,unknown,unknown,user,unknown,,complaint,HTML Macro can's work properly,unknown — only the thread title was visible,Get an HTML macro to work at all on a Confluence page,unknown,unknown,unknown,unknown — title indicates the macro is not working properly,,,,unknown,unknown,,unknown,no,,qualified,,4,observed-in-search-snippet,J02,"Title-only observation from search results (thread body inaccessible, 403). High thread ID suggests a recent post. Recorded for follow-up, not as evidence of a specific cause."
E-101,2026-08-02,community_forum_thread,https://community.atlassian.com/forums/Confluence-questions/HTML-macro-alternatives-for-adding-custom-CSS-to-a-Confluence/qaq-p/2264970,HTML macro alternatives for adding custom CSS to a Confluence Cloud page,unknown,unknown,user,unknown,,question,HTML macro alternatives for adding custom CSS to a Confluence Cloud page,Seeking alternatives to the HTML macro for adding custom CSS on Cloud,Apply custom CSS/styling to a Confluence Cloud page when the native HTML macro does not exist,No native HTML macro in Confluence Cloud,Custom-styled page content,unknown,unknown,,custom CSS,,unknown,unknown,,,no,,qualified,,4,observed-in-search-snippet,J02,"Title-only. Likely a page-level styling need (parent DOM), which Mini Sites cannot serve — flagging so it is not mistaken for a lead."
E-102,2026-08-02,community_forum_thread,https://community.atlassian.com/forums/Confluence-questions/unknown-macro-html/qaq-p/2955052,unknown macro 'html',unknown,unknown,user,unknown,,complaint,unknown macro 'html',unknown — title only; the error appears when HTML macro content lands on Cloud where the macro does not exist,Restore pages that render an 'unknown macro' error after moving to Confluence Cloud,"Server/DC content migrated to Cloud, or an app uninstalled/not installed",Pages render again,Install a marketplace HTML macro app,Broken pages showing an error placeholder instead of content,,works on Confluence Cloud,,third-party marketplace apps,unknown,,,no,D-16,qualified,,4,observed-in-search-snippet,J03,Title-only observation. Represents the largest recurring entry point into this category: migration breakage. Recent thread ID.
E-103,2026-08-02,community_forum_thread,https://community.atlassian.com/forums/Confluence-questions/How-to-enable-HTML-Macro-on-Confluence-cloud/qaq-p/1068527,Solved: How to enable HTML Macro on Confluence cloud,unknown,unknown,user,unknown,,question,How to enable HTML Macro on Confluence cloud,Users looking for an enable/allow setting that does not exist on Cloud,Turn on / find the HTML macro on Confluence Cloud,Expecting Server/DC behavior on Cloud,HTML embedding on Cloud,Buy a marketplace app,"Activation confusion — the capability is simply absent, and Atlassian's answer is 'use an app'. Search results also surfaced sibling threads: 'HTML macro on Confluence Cloud?' (qaq-p/1318974), 'I am not able to enable HTML macros' (td-p/1549447), 'HTML macro setting are missing' (qaq-p/1343117).",,available on Cloud without admin gymnastics,,marketplace apps (generic),unknown,,,no,,qualified,,4,observed-in-search-snippet,J02,Title-only observations across four sibling threads; recorded as one artifact representing the activation-confusion cluster. Confirms steady inbound demand into this category.
E-104,2026-08-02,vendor_help_center,https://help.narva.net/html-macro-for-confluence/common-issues-and-limitations,Common Issues and Limitations — HTML Macro for Confluence (Narva),unknown,unknown,vendor_support,unknown,,complaint,you might sometimes encounter 404 Attachment Not Found error,"When using the HTML from Page Attachment macro to render an HTML file, a 404 Attachment Not Found error can occur; also, enabling the security (domain allowlist) feature can break existing macros.",Render an HTML file stored as a Confluence page attachment,"Using attachment-based HTML rendering, or an admin turning on the trusted-domain allowlist",Reliable file-based publishing and security controls that do not break existing content,unknown,"Attachment-sourced rendering is unreliable, and an admin security setting silently breaks macros that already worked — a support and trust problem",,stable file hosting for the bundle; security controls that do not break published content,,"HTML Macro for Confluence (Narva, app 1221472)",unknown,,,yes,,excluded_from_demand,"vendor-authored: competitive/positioning context, not independent demand",2,observed-in-search-snippet,J01,Content observed only via search-result summary; direct WebFetch of help.narva.net returned 403. Directly comparable to Mini Sites' own model (bundle hosted off-page rather than as attachments).
E-105,2026-08-02,vendor_help_center,https://help.narva.net/html-macro-for-confluence/html-macro-security,HTML Macro Security (Narva),unknown,unknown,vendor_support,unknown,,counterevidence,Confluence users will be restricted to only interact with trusted domains,"Admins define trusted domains (allowlisting); when a domain allowlist is defined, users are restricted to interacting only with trusted domains for HTML, JavaScript and third-party iframe embeds.",Let admins permit HTML embedding without opening an uncontrolled security hole,Security review of an HTML macro app by a Confluence admin,Admin-controllable embedding,n/a,n/a — this is the competitor's answer to the admin-security objection,,admin-visible security posture,,HTML Macro for Confluence (Narva),unknown,,,yes,,excluded_from_demand,"vendor-authored: competitive/positioning context, not independent demand",2,observed-in-search-snippet,J02,"Competitive context: Narva sells allowlisting as the security story (still allows outbound calls to trusted domains). Mini Sites' CSP blocks external network calls outright — a stronger but less flexible posture. Useful for positioning, not user evidence."
E-106,2026-08-02,vendor_pricing_page,https://appfire.com/pricing-updates/html-macro-confluence-cloud,2025 app pricing: HTML Macro for Confluence Cloud,2025-07-01,unknown,vendor,unknown,,counterevidence,2025 app pricing: HTML Macro for Confluence Cloud,Appfire published a pricing update for HTML Macro for Confluence Cloud effective July 1st 2025,Budget for an HTML embedding capability on Confluence Cloud,Vendor price increase,Predictable cost,unknown,Price increases on a single-macro utility app are a well-known driver of negative marketplace reviews; broader search results also surfaced general complaints that per-user marketplace app pricing multiplies painfully at scale.,,,,HTML Macro for Confluence Cloud (Appfire),unknown,unknown,,yes,,excluded_from_demand,"vendor-authored: competitive/positioning context, not independent demand",2,observed-in-search-snippet,J02,"Only the page title/URL and a summarizer claim of '$220 for 25 users' were surfaced; I did NOT verify the dollar figure on the page itself, so treat the amount as unconfirmed. The existence of a July 2025 price update is the confirmed part."
E-107,2026-08-02,vendor_blog_practitioner_story,https://interworks.com/blog/2026/06/26/building-an-internal-app-to-host-and-share-ai-generated-html-artifacts/,Building an Internal App to Host and Share AI-Generated HTML Artifacts - InterWorks,2026-06-26,"enterprise internal (consultancy, ~staff-wide)",practitioner (consultancy staff describing their own internal problem),unknown,consultant / data-analytics practitioner producing client-facing and internal artifacts with AI,workaround,"Slack, Box and email all move the file around, but none of them render it—click the link and you get a download prompt","AI is good at producing HTML artifacts like research summaries, mockups, and meeting agendas; the trouble starts when you try to share one. Slack, Box and email move the file but do not render it.","When my AI assistant generates an HTML artifact (research summary, mockup, dashboard, meeting agenda), I want a colleague to click one link and SEE it rendered, without a download prompt or a manual open-in-browser step.",AI tools (Claude Code etc.) started producing HTML artifacts routinely; existing file-sharing channels could not render them.,"Drop an HTML file in, get back a link that opens the page directly in a browser for anyone with access.","Built their own internal web app ('HTML Share') — full-stack TypeScript on Railway behind Cloudflare Zero Trust, built with Claude Code; serves files from Box where staff already store them, plus temporary in-app hosting, with alias, expiration and early takedown controls.",High enough that a consultancy spent engineering time building and operating a bespoke internal hosting app rather than using an existing product.,none (read-only observation),renders HTML inline rather than downloading; access control / behind SSO or Zero Trust; sits where files already live (Box); expiration + takedown; update an existing file in place,"No Confluence mention observed; their stack is Box-centric, so the Confluence-native wedge is not directly evidenced here.",Self-built 'HTML Share' app; Box; Railway; Cloudflare Zero Trust,Shipped internally; companion post published a month earlier (2026-05-20) telling the origin story.,"Built + operates internal tooling (build-vs-buy resolved as build) — indicates real budget/effort, but also that no off-the-shelf enterprise-perimeter option was chosen.",unknown,no,,qualified,,4,observed-in-search-snippet,J15,"HIGHEST-VALUE H4 ARTIFACT. Direct WebFetch of the page returned HTTP 403, so the excerpt above is the wording surfaced in the search-result extract of this page, not a certified byte-for-byte page read. Treat as near-verbatim, re-verify before quoting externally. InterWorks is a consultancy (sells services and a product called Curator), so the post has promotional context, but it describes an inte"
E-108,2026-08-02,vendor_blog_practitioner_story,https://interworks.com/blog/2026/05/20/html-share-a-story-of-solving-a-problem-with-a-simple-app,HTML Share: A Story of Solving a Problem with a Simple App - InterWorks,2026-05-20,enterprise internal,practitioner (consultancy staff),unknown,consultant / practitioner,workaround,HTML Share: A Story of Solving a Problem with a Simple App,unknown (only the title was observed; page not fetched),"Same JTBD as the companion post: turn an AI-generated HTML file into a rendered, shareable, access-controlled link for colleagues.",unknown,unknown beyond title,The 'HTML Share' internal app (see companion post),unknown,none,,Only the title was observed in search results; contents unverified.,HTML Share (self-built),unknown,unknown,unknown,no,,qualified,,4,observed-in-search-snippet,J15,"Companion/origin-story post to the 2026-06-26 piece. Listed separately because it is a second dated data point on the same real internal need. Contents NOT read (WebFetch budget exhausted, 403)."
E-109,2026-08-02,hacker_news,https://news.ycombinator.com/item?id=48275936,Why can't anyone build a decent deployment platform for plain HTML?,unknown,unknown,developer (HN submitter/community),unknown,developer,complaint,Why can't anyone build a decent deployment platform for plain HTML?,Title observed verbatim in search results; thread body/comments not read.,"I have plain static HTML and want it live for others without Git repos, build config, CLI installs or CI/CD ceremony.",unknown,A frictionless way to put plain HTML in front of people.,"Search synthesis (not the thread itself) attributed complaints that Vercel/Netlify feel like overkill — requiring Git repos, build configuration, CLI tools and pipelines — and that some prefer plain nginx. Not confirmed as thread verbatim.",Title is itself an exasperation signal ('Why can't anyone...').,none,no build step; no Git repo required; no CLI install; just upload and it's live,"Not AI-specific on its face — this is the general plain-HTML deployment complaint. Supports the adjacent need but does NOT by itself prove the AI-generated-app trigger, and no team/enterprise-perimeter angle was observed.","Vercel, Netlify, nginx (per search synthesis, unconfirmed)",unknown,unknown,unknown (comment count not observed),no,,qualified,,4,observed-in-search-snippet,J01,"news.ycombinator.com is not directly fetchable in this environment and hn.algolia.com API returned 403, so only the title was observed. Worth a manual read — likely the richest single user-authored thread found."
E-110,2026-08-02,hacker_news_comment,https://news.ycombinator.com/item?id=47810597,"HN comment: ""Really annoying but I can't figure out how to share a link from Claude Design?""",unknown,unknown,user (HN commenter),unknown,unknown (HN reader; could be designer or dev),complaint,Really annoying but I can't figure out how to share a link from Claude Design?,"""Really annoying but I can't figure out how to share a link from Claude Design? I..."" (truncated in the search result)",I made something in an AI tool and want to hand a colleague a link to it; I cannot work out how.,Produced something in an AI design/build tool.,A shareable link to an AI-produced design/app.,unknown (comment truncated),Explicit ('Really annoying').,none,shareable link out of an AI-generation tool,Comment text was truncated in the search result; the full comment and its thread were not read. No team/Confluence angle observed.,Claude Design,unknown,unknown,unknown,no,,qualified,,4,observed-in-search-snippet,J15,Genuine user-authored friction statement about sharing AI-generated output. Short and partial — verify the full comment before citing.
E-111,2026-08-02,hacker_news,https://news.ycombinator.com/item?id=47413781,Show HN: MCP server that turns local files into a shareable link instantly,unknown,unknown,developer (Show HN author),unknown,AI-tooling developer,workaround,Show HN: MCP server that turns local files into a shareable link instantly,Title only.,"When my AI agent produces a file locally, I want it to become a shareable link instantly, from inside the agent session.",AI agents generating local files that then need to be shared.,"Local file → shareable link, instantly, no manual upload step.",Built an MCP server so the AI agent itself can publish the file.,Implied by building the tool.,none,agent-invocable publish step; instant link; no manual upload,"Title-only observation; individual/dev-centric, no enterprise-permission or wiki angle observed.",MCP server (self-built),unknown,"Built and posted a tool — effort, not necessarily spend.",unknown,no,,qualified,,4,observed-in-search-snippet,J15,"Relevant as an adjacent shape of the same job (publish-from-agent), notable because it implies the publish step wants to be callable by the AI, not just by a human uploader."
E-112,2026-08-02,x_twitter,https://x.com/om_patel5/status/2081494782396747779,Om Patel on X — Claude shared artifacts indexed publicly,unknown (incident reported ~2026-07-27 per TechCrunch URL),"enterprise/company (dashboards, project plans, client details cited)",user (X poster reporting on an incident),unknown,AI practitioner / security-aware observer,counterevidence,"every app, doc, dashboard and tool people published from claude is also sitting indexed and searchable","""people have already pulled up internal company dashboards, full project plans with client details"" (as shown in the search-result title text)",I need the small app/dashboard my AI built to be visible to my team only — not on a public link that search engines can index.,Discovery that Claude shared chats/artifacts were indexed by Google.,Permission-scoped hosting for AI-generated apps/dashboards instead of public share links.,Public artifact share links (which is exactly what failed here).,Alarm; framed as a data-exposure incident.,none,no public indexing; inherits org/page permissions; not a guessable public URL,Second-hand incident commentary rather than a first-person 'I need somewhere to put this' request. x.com content was seen only as a search-result title excerpt.,Claude Artifacts public publishing,Covered by TechCrunch (https://techcrunch.com/2026/07/27/psa-your-claude-shared-chats-and-artifacts-may-have-ended-up-on-google/) and VentureBeat; HN thread at https://news.ycombinator.com/item?id=49075115,unknown,unknown,no,,qualified_counterevidence,,4,observed-in-search-snippet,J15,"Strategically the most useful supporting signal for a permission-inheriting host: it evidences (a) that people DO build internal company dashboards/tools as AI artifacts, and (b) that the default public-link sharing path has already caused a visible exposure incident."
E-113,2026-08-02,github_issue,https://github.com/anthropics/claude-code/issues/71290,Claude lacks knowledge of claude.ai artifact sharing — gives incorrect alternatives instead,unknown,unknown,user (GitHub issue reporter),unknown,developer,complaint,Claude lacks knowledge of claude.ai artifact sharing — gives incorrect alternatives instead,Title only.,I want to share what the AI built and I need a correct answer about how to do it.,Asked the model how to share an artifact and got wrong alternatives.,Correct guidance on sharing artifacts.,unknown,Filed an issue.,none,,"This is a model-knowledge bug report, not a hosting/permission gap. Weak H4 evidence — included only because it shows 'how do I share this' is a live, recurring question.",claude.ai artifact sharing,unknown,unknown,unknown,no,,qualified,,4,observed-in-search-snippet,J15,Title observed in search results; issue body not read.
E-114,2026-08-02,dev_community_blog,https://dev.to/dumebii/i-vibe-coded-an-internal-tool-that-slashed-my-content-workflow-by-4-hours-310f,I vibe-coded an internal tool that slashed my content workflow by 4 hours - DEV Community,unknown,individual → internal,practitioner (content/marketing individual),unknown,non-engineer building their own tool,tutorial_comment,I vibe-coded an internal tool that slashed my content workflow by 4 hours,Title only.,Build a small internal tool by vibe-coding to remove hours of manual workflow.,Manual content workflow taking hours.,Working internal tool without engineering help.,unknown,unknown,none,,"STRICT-CRITERIA FAIL for the sharing hypothesis: evidences that non-engineers vibe-code internal tools, but no observed statement of a sharing/deployment gap. Body not read.",vibe coding,Claims 4 hours saved.,unknown,unknown,no,,qualified,,4,observed-in-search-snippet,J15,"Included as context only — supports the 'AI-generated internal tools are being made by non-engineers' premise, not the 'where do I put it' gap."
E-115,2026-08-02,vendor_product_page,https://handoff.host/,Handoff - Share AI-Generated HTML Artifacts with Instant URLs,unknown,"individual/small team; public-web URLs, not enterprise-perimeter",vendor,unknown,"AI power user, designer, developer",counterevidence,Handoff - Share AI-Generated HTML Artifacts with Instant URLs,"Product positioning language, not a user complaint.","Turn a local AI-generated HTML file into a permanent, versioned, shareable URL in seconds.",n/a,"Instant, permanent, versioned links for AI-generated HTML.",n/a,n/a,none,instant URL; versioning; no build step,"Vendor marketing. Positioning is public/instant URLs — NOT permission-inherited, NOT inside a wiki. Competitive but not overlapping the Confluence-native wedge.",Handoff,Also runs comparison/SEO content vs Tiiny.host and vs PageDrop/VibeShare.,A funded/at-least-launched commercial product exists for exactly this JTBD — market-existence evidence.,unknown,yes,,excluded_from_demand,"vendor-authored: competitive/positioning context, not independent demand",2,observed-in-search-snippet,J15,MARKET-CATEGORY EVIDENCE. The strongest indirect support for H4: a named product category ('share the HTML your AI just made') materialised in 2026.
E-116,2026-08-02,vendor_blog,https://handoff.host/blog/pagedrop-vs-handoff-vs-vibeshare/,PageDrop.io vs Handoff vs VibeShare: HTML Sharing Compared (2026) - Handoff Blog,2026,"individual/small team, public web",vendor,unknown,AI user with an HTML file,counterevidence,PageDrop.io vs Handoff vs VibeShare: HTML Sharing Compared (2026),n/a,Choose among several 2026-vintage services whose whole purpose is publishing a single AI-generated HTML file to a link.,n/a,n/a,n/a,n/a,none,,"All vendor/SEO content; none observed to offer permission-inherited, inside-the-wiki hosting.","PageDrop.io, Handoff, VibeShare, Tiiny.host, Netlify Drop",unknown,"At least three named competitors (PageDrop.io, Handoff, VibeShare) plus Tiiny.host, GeminiLaunch, HTMLPUT, Stacktree, Anchorify, sharable.link, send.co, Display.dev, hummingdeck all publishing on this exact topic in 2026 — dense category, implies real search demand.",unknown,yes,,excluded_from_demand,"vendor-authored: competitive/positioning context, not independent demand",2,observed-in-search-snippet,J15,"Representative of a large cluster of near-identical 2026 comparison posts observed across searches (hummingdeck 'Host a Single HTML File: 8 Tools Compared (2026)', Display.dev 'How to Share Claude (and Codex) Artifacts Externally: 8 Tools Compared', Stacktree 'Best private HTML hosting for AI agents (2026)', automatonagency.com 'How to share an HTML file (the one your AI just made you) — 2026', bl"
E-117,2026-08-02,vendor_docs,https://support.box.com/hc/en-us/articles/52424402391443-Create-edit-and-render-HTML-files-natively-in-Box,"Create, edit, and render HTML files natively in Box – Box Support",unknown,enterprise,vendor (Box),unknown,enterprise knowledge worker,counterevidence,"Create, edit, and render HTML files natively in Box",n/a,"Render an HTML file in place, inside the enterprise content platform where it already lives, with existing permissions.",n/a,n/a,n/a,n/a,none,native render inside the content platform; inherits platform permissions,"IMPORTANT COUNTEREVIDENCE: a major enterprise content platform has shipped native in-place HTML rendering, i.e. incumbents are absorbing this need. Note that InterWorks still built a separate app on top of Box, which suggests Box's native render did not fully close the gap for them (ordering of the two unknown).",Box native HTML rendering,unknown,n/a,unknown,yes,,excluded_from_demand,"vendor-authored: competitive/positioning context, not independent demand",2,observed-in-search-snippet,J15,Directly relevant risk signal for the Confluence wedge: expect Atlassian to be able to do the same. Only the doc title was observed.
E-118,2026-08-02,vendor_blog,https://www.atlassian.com/blog/company-news/rovo-team-26,Rovo makes AI-native teamwork real for the enterprise - Inside Atlassian,2026 (Team '26),enterprise (Confluence Premium/Enterprise),vendor (Atlassian),unknown,any Confluence user,counterevidence,a Confluence page can be sent directly to these tools to generate a working web application,n/a,Turn a Confluence page into a working web application / prototype for the team.,n/a,n/a,n/a,n/a,none,generate app from page; no copy-pasting,"Vendor marketing; the wording above was surfaced in a search-result synthesis attributing partner agents (Lovable/Replit/Gamma) to Atlassian, and was seen across the atlassian.com and buzzclan.com results rather than read on-page.","Rovo Studio; partner agents for Lovable, Replit and Gamma; Remix with Rovo",Rovo Studio described as generally available.,n/a,unknown,yes,,excluded_from_demand,"vendor-authored: competitive/positioning context, not independent demand",2,observed-in-search-snippet,NAT,"STRATEGICALLY IMPORTANT AND DOUBLE-EDGED. Supports H4's premise inside Confluence (Atlassian itself thinks users want to turn pages into working apps) BUT the shipped path sends the user OUT to Lovable/Replit to build and presumably host the app — it does not host the generated app live and permission-inherited on the page. That out-bound handoff is precisely the gap this product would close, and "
E-119,2026-08-02,vendor_blog,https://northflank.com/blog/enterprise-vibe-coding-how-to-deploy-ai-generated-apps-safely,Enterprise vibe coding: how to deploy AI-generated apps safely | Blog — Northflank,unknown,enterprise,vendor (PaaS),unknown,platform/security team,counterevidence,Enterprise vibe coding: how to deploy AI-generated apps safely,"Search synthesis attributed to Northflank: teams may use personal tool accounts, share credentials informally, deploy to public URLs, or build on production data without involving engineering or security, resulting in limited IT visibility.","Give non-engineering teams a safe, sanctioned place to run the apps they generate, with audit trails, sandbox isolation and IT visibility.",Marketing/product/support teams building their own tools without engineering.,Sanctioned deployment path with governance.,"Personal accounts, informal credential sharing, public URLs.",n/a (vendor framing),none,access policies; audit trail; sandbox isolation of runtime code; IT visibility,"Vendor marketing, not user testimony. The 'deploy to public URLs' shadow-IT claim is unattributed vendor assertion — do NOT cite as user evidence.",Northflank; internal vibe-coding platform pattern,unknown,n/a,unknown,yes,,excluded_from_demand,"vendor-authored: competitive/positioning context, not independent demand",2,observed-in-search-snippet,J15,"Useful only as a articulation of the governance framing (sandbox isolation + permission inheritance + no external egress), which maps closely to this product's design. Companion post: https://northflank.com/blog/how-to-build-an-internal-vibe-coding-platform"
E-120,2026-08-02,vendor_docs,https://support.claude.com/en/articles/9547008-publish-and-share-artifacts,Publish and share artifacts | Claude Help Center,unknown,enterprise,vendor (Anthropic),unknown,Claude Team/Enterprise user,counterevidence,artifacts created on these accounts can only be shared within your organization—they cannot be published publicly,n/a,Share an AI-generated interactive page with my org (and only my org).,n/a,n/a,n/a,n/a,none,org-scoped sharing,"MATERIAL COUNTEREVIDENCE: for the Claude-generated slice of H4, org-internal sharing already exists natively on Team/Enterprise plans. The residual gap is (a) viewers need a Claude seat, (b) artifacts are single-page with no backend and cannot serve multiple routes or store form input, (c) sharing is org-scoped, not page-scoped or space-scoped like Confluence permissions.",Claude Artifacts org sharing (Team/Enterprise plans),"Third-party workaround market exists specifically because of these constraints (Stacktree, Anchorify, send.co, hummingdeck all publish 'Claude Teams artifact sharing alternative' content).",n/a,unknown,yes,,excluded_from_demand,"vendor-authored: competitive/positioning context, not independent demand",2,observed-in-search-snippet,J15,"The constraint 'an artifact is one self-contained page with no backend, so it can't store form input or serve multiple routes' was surfaced in search synthesis and is the clearest articulation of where a multi-file mini-site differs. Verify wording before external use."
E-121,2026-08-02,atlassian_community_question,https://community.atlassian.com/forums/Confluence-questions/Html-macro-Secuirty-Considerations/qaq-p/1690180,Html macro - Secuirty Considerations,unknown,unknown,Confluence admin / site owner (community questioner),unknown,Confluence/site administrator,counterevidence,Html macro - Secuirty Considerations,unknown (thread body not retrievable),Confluence admin evaluating whether allowing an HTML/JS macro on pages is an acceptable security risk for their site,Admin asked to enable an HTML macro and doing a security assessment first,Assurance that arbitrary user HTML/JS cannot be used for XSS against the site,unknown,unknown,unknown,,"Undercuts the Mini Site assumption that 'sandboxed + secret-scanned' resolves admin objections: the objection is to user-supplied HTML/JS existing on the page at all, and it gets raised before any technical control is evaluated.",Confluence HTML macro,unknown,unknown,unknown,no,,qualified_counterevidence,,4,observed-in-search-snippet,SEC,"Only title + URL observed in search results; community.atlassian.com returns 403 to WebFetch so the thread body and quotes could not be verified. The aggregated search summary (not confirmably from this thread) said: 'Anyone who has access to the site would be able to implement Cross-Site Scripting attacks' — attribution unverified, do not cite as this author's words."
E-122,2026-08-02,atlassian_community_question,https://community.atlassian.com/forums/Confluence-questions/How-to-disable-HTML-Macros/qaq-p/1280613,How to disable HTML Macros,unknown,unknown,Confluence administrator (community questioner),unknown,Confluence/site administrator,counterevidence,How to disable HTML Macros,unknown (thread body not retrievable),Admin wants to switch OFF HTML macro capability site-wide so users cannot embed raw HTML/JS,Admin discovered HTML macro capability was available and wanted it removed,No user-authored HTML/JS renderable on Confluence pages,Disabling the macro modules via Manage apps / system apps,unknown,unknown,,"Directly undercuts the Mini Site TAM assumption that admins who lack an HTML macro want one. A measurable population of admins is deliberately turning this class of capability off, which is a purchase blocker no sandboxing story addresses.",Confluence HTML Macros system app,unknown,negative — actively removing capability rather than buying more of it,unknown,no,,qualified_counterevidence,,4,observed-in-search-snippet,SEC,"Title + URL only; page blocked (403). Search-result summary noted the Data Center HTML macro is 'disabled by default' and that enabling it can make a site vulnerable to XSS — that language appeared in the aggregated summary, source attribution unverified."
E-123,2026-08-02,atlassian_community_question,https://community.atlassian.com/t5/Confluence-questions/Disabling-HTML-macros-on-specific-spaces/qaq-p/1071464,Solved: Disabling HTML macros on specific spaces.,unknown,unknown,Confluence administrator (community questioner),unknown,Confluence/space administrator,counterevidence,Disabling HTML macros on specific spaces.,unknown (thread body not retrievable),"Admin wants HTML/JS embedding restricted to a subset of spaces, not available to all page authors",Governance need to contain who can publish arbitrary HTML,Space-scoped or role-scoped restriction of HTML/JS macros,unknown,unknown,unknown,per-space or per-group restriction of who may publish executable content,"Undercuts Mini Site's 'inherits page permissions, so governance is handled' claim: admins want authoring-side restriction (who may publish a bundle), which page-view permission inheritance does not provide.",HTML macro / macro security controls,unknown,unknown,marked Solved (per search result title),no,,qualified_counterevidence,,4,observed-in-search-snippet,SEC,Title + URL only; community.atlassian.com blocked (403).
E-124,2026-08-02,atlassian_community_question,https://community.atlassian.com/forums/Confluence-questions/Enable-XSS-protection-in-HTML-or-HTML-include-Macro/qaq-p/1576950,Enable XSS protection in HTML or HTML include Macro,unknown,unknown,Confluence administrator / security-minded user,unknown,Confluence administrator with security mandate,counterevidence,Enable XSS protection in HTML or HTML include Macro,unknown (thread body not retrievable),Admin wants XSS protection enforced on any macro that renders user-supplied HTML,Security review or scan flagged HTML/HTML-include macros,XSS protection on HTML macro content,unknown,HTML-rendering macros treated as a vulnerability surface,unknown,XSS protection / sanitization of user HTML,"Shows the buying conversation is framed as risk mitigation, not capability acquisition — a paid app whose core function is executing user JS starts the security review in a deficit regardless of iframe isolation.","HTML macro, HTML include macro",unknown,unknown,unknown,no,,qualified_counterevidence,,4,observed-in-search-snippet,SEC,"Title + URL only; page blocked (403). Aggregated summary line 'both macros can make your environment vulnerable, even on the latest version' could not be attributed to a specific post."
E-125,2026-08-02,atlassian_community_question,https://community.atlassian.com/forums/Confluence-questions/HTML-Macro-without-JS-and-CSS-capability/qaq-p/685013,Solved: HTML Macro without JS and CSS capability,unknown,unknown,Confluence user/admin (community questioner),unknown,Confluence user constrained by org security policy,counterevidence,HTML Macro without JS and CSS capability,unknown (thread body not retrievable),Team wants basic HTML layout on a page but explicitly WITHOUT JavaScript execution,Policy or security constraint forbidding JS in pages,Markup-only rendering with JS/CSS execution disabled,unknown,Existing HTML macros bundle JS execution the org does not want,unknown,HTML rendering with JavaScript disabled,"Strongest direct counterevidence to Mini Site's premise: some buyers want the *opposite* of live JS. A product whose value is 'a live, clickable multi-file JS app' is unsellable to this segment at any price.",HTML macro,unknown,unknown,marked Solved (per search result title),no,,qualified_counterevidence,,4,observed-in-search-snippet,SEC,Title + URL only; page blocked (403).
E-126,2026-08-02,atlassian_community_question,https://community.atlassian.com/forums/Confluence-questions/HTML-macro-on-Confluence-Cloud/qaq-p/1318974,Solved: HTML macro on Confluence Cloud?,unknown,Confluence Cloud,Confluence Cloud user (community questioner); answers likely from community leaders/Atlassian,unknown,Confluence Cloud user post-migration,counterevidence,HTML macro on Confluence Cloud?,unknown (thread body not retrievable),User asks why Confluence Cloud has no native HTML macro and what the sanctioned alternative is,Migrated from Server/DC and found the HTML macro missing on Cloud,Native HTML embedding on Cloud,"Marketplace HTML macro apps, or native embed/Smart Links",Capability intentionally withheld by the platform vendor,unknown,,"Cuts both ways but is net-negative: the gap exists because Atlassian judged arbitrary HTML/JS unsafe for a shared multi-tenant platform. Any app filling it inherits that framing in every enterprise security review, and Atlassian could close or further restrict the surface unilaterally.","Confluence Cloud, HTML macro, Marketplace app alternatives",unknown,unknown,marked Solved (per search result title),no,D-17,qualified_counterevidence,,4,observed-in-search-snippet,SEC,"Title + URL only; page blocked (403). The aggregated search summary asserted Atlassian removed the native HTML macro from Cloud over XSS risk — treat as platform context, not a quotable user statement."
E-127,2026-08-02,atlassian_support_documentation,https://support.atlassian.com/security-and-access-policies/docs/app-access-rule-coverage-summary-for-confluence-cloud/,Marketplace and custom app access control coverage summary for Confluence Cloud | Atlassian Support,unknown,Confluence Cloud,Atlassian (platform vendor documentation),unknown,Org admin / security team,counterevidence,Marketplace and custom app access control coverage summary for Confluence Cloud,n/a,Org admin wants to block third-party apps from accessing content in specific Confluence spaces,Data security policy rollout; admins restricting app access to sensitive spaces,Third-party apps blocked from designated content,App access rules in Data Security Policies,n/a,admin configuration,,"Undercuts 'installed = usable' revenue assumptions. Admins can block an app per-space after install; search results noted that when the rule applies, users can no longer use macros from blocked apps and removing the macro deletes app-stored data — a silent churn and support-load vector for a macro-only product.","App access rule, Data Security Policies","Available on Standard, Premium and Enterprise plans per search results",n/a,n/a (official docs),yes,,excluded_from_demand,"vendor-authored: competitive/positioning context, not independent demand",2,observed-in-search-snippet,SEC,"Vendor (Atlassian) documentation, not user testimony. Recorded because it is the mechanism admins in (a)/(b) actually use. Page not fetched; title/URL and search summary only."
E-128,2026-08-02,atlassian_community_article,https://community.atlassian.com/forums/Trust-Security-articles/Control-app-access-to-content-in-Jira-and-Confluence-with-a-new/ba-p/2712247,Control app access to content in Jira and Confluence with a new app access rule for Data Security Policies,unknown,Jira / Confluence Cloud,Atlassian staff (Trust & Security forum article),unknown,Org admin / security team,counterevidence,Control app access to content in Jira and Confluence with a new app access rule,n/a,Security admins want to limit which third-party apps can touch which content,Customer demand for restricting third-party app access,Granular app-access restriction,n/a,n/a,admin configuration,,"Evidence that restricting third-party apps is a mainstream, Atlassian-productized admin demand — the market headwind Mini Site sells into. Being a Forge app does not exempt it from these rules.",App access rule,unknown,n/a,unknown,yes,,excluded_from_demand,"vendor-authored: competitive/positioning context, not independent demand",2,observed-in-search-snippet,SEC,Vendor-authored (Atlassian). Title + URL observed in search results only; page blocked (403).
E-129,2026-08-02,developer_documentation,https://developer.atlassian.com/platform/forge/data-residency/,Data residency - Forge,unknown,Forge / Confluence Cloud,Atlassian (platform vendor documentation),unknown,"Enterprise admin, compliance officer",counterevidence,Data residency - Forge,n/a,Enterprise admin needs assurance that app data stays in a pinned region (EU/US/etc.),Regulated customers pinning their instance to a region,App data resident in the same region as the Confluence instance,Check the Marketplace listing's Privacy & Security tab; contact vendor,n/a,vendor must declare and support residency,regional pinning of app-stored data,"Directly hits Mini Site's architecture: bundle bytes live on Cloudflare Workers for Platforms, i.e. outside Atlassian and outside any residency pin. Per search results, app data 'often resides outside of these regions unless the app developer specifically supports data residency', so Mini Site's Privacy & Security tab will read as non-compliant for regulated buyers.","Forge data residency, in-scope/out-of-scope data declarations",unknown,n/a,n/a,yes,,excluded_from_demand,"vendor-authored: competitive/positioning context, not independent demand",2,observed-in-search-snippet,SEC,Vendor-authored (Atlassian). Not fetched; recorded from search result title/URL plus the aggregated summary.
E-130,2026-08-02,vendor_blog,https://www.atlassian.com/blog/developer/no-egress-on-forge,Meeting enterprise requirements effortlessly: Tips for avoiding app data egress with Forge - Inside Atlassian,unknown,Forge,Atlassian developer-relations / platform vendor,unknown,Enterprise buyer / app vendor,counterevidence,Tips for avoiding app data egress with Forge,n/a,App vendors need to satisfy enterprise buyers who require that no data leaves Atlassian infrastructure,Enterprise cloud migrations with strict data-privacy requirements,Apps that transmit nothing outside Atlassian products,Build 'no-egress' apps; Runs on Atlassian label,Egress-dependent apps disadvantaged in enterprise evaluation,n/a,zero data egress; Runs on Atlassian eligibility,"The clearest structural objection to Mini Site: hosting bundle bytes on Cloudflare is data egress by definition, so the app can never carry the Runs on Atlassian label and loses on the enterprise checklist to any no-egress competitor. Search results reported customers 'advocate for apps that don't transmit any data outside of Atlassian products at all'.","Forge storage, Runs on Atlassian program",unknown,n/a,n/a,yes,,excluded_from_demand,"vendor-authored: competitive/positioning context, not independent demand",2,observed-in-search-snippet,SEC,Vendor-authored (Atlassian). Quote fragment observed in the WebSearch result summary for this URL; page itself not fetched (2-fetch budget spent on two 403s).
E-131,2026-08-02,vendor_blog,https://www.forge-apps.com/blog/jira-forge-apps-runs-on-atlassian-security-data-protection,Your current Jira apps are possibly transferring data to third parties,unknown,Atlassian Cloud,Third-party app vendor / consultancy blog,unknown,Admin / security reviewer,counterevidence,Your current Jira apps are possibly transferring data to third parties,n/a,Admin wants to know which installed apps send tenant data to third-party infrastructure,Security/data-protection audit of installed Marketplace apps,No tenant data on third-party infrastructure,Prefer Runs on Atlassian apps,Existing apps quietly egress data,n/a,no third-party data transfer,"Shows an active market narrative that framing apps as 'transfers your data to third parties' is a competitive weapon. Mini Site's Cloudflare-hosted bundles fit that narrative exactly, and the counter-argument (bytes are author-uploaded static assets, not tenant content) is subtle and hard to win in a checklist review.","Runs on Atlassian, Forge",unknown,n/a,n/a,yes,,excluded_from_demand,"vendor-authored: competitive/positioning context, not independent demand",2,observed-in-search-snippet,SEC,Vendor-authored (forge-apps.com). WebFetch of this domain returned 403; only search-result title/URL observed.
E-132,2026-08-02,atlassian_community_discussion,https://community.atlassian.com/forums/Confluence-Whiteboards/Confluence-Whiteboards-vs-Marketplace-Diagram-Apps-What-s-Your/td-p/2844834,Confluence Whiteboards vs. Marketplace Diagram Apps - What's Your…,unknown,Confluence Cloud,Confluence users / community (discussion thread),unknown,Confluence team lead / admin evaluating spend,counterevidence,Why use a Marketplace app when I can use Whiteboards?,unknown (thread body not retrievable),Teams decide whether a native Confluence feature removes the need for a paid Marketplace app,"Atlassian shipped Whiteboards natively, overlapping paid diagramming apps",Stop paying for a Marketplace app when native covers the use case,Native Confluence Whiteboards included in existing license,"Some noted whiteboards lack versioning/history, preventing full migration",none beyond native feature,,"Undercuts durability of Mini Site's niche: Atlassian has a track record of absorbing popular Marketplace categories into the base license (Whiteboards, Databases). Interactive/embedded content is a plausible next absorption, and buyers explicitly ask 'why pay for an app when native covers it'.","Confluence Whiteboards, draw.io, Appfire whiteboards, Miro",Partial migration away from Marketplace apps reported,negative — preference for the already-paid-for native option,unknown,no,,qualified_counterevidence,,4,observed-in-search-snippet,NAT,The quoted sentence appeared in the WebSearch result summary describing this Team '24 discussion; page blocked (403) so speaker identity/date unverified. Search summary also reported the counterpoint that whiteboards lack versioning/history.
E-133,2026-08-02,atlassian_community_question,https://community.atlassian.com/forums/Confluence-questions/How-do-I-add-an-iframe-to-a-confluence-page/qaq-p/2313391,Solved: How do I add an iframe to a confluence page?,unknown,Confluence Cloud,Confluence user (community questioner),unknown,Confluence page author,counterevidence,How do I add an iframe to a confluence page?,unknown (thread body not retrievable),User wants external interactive content shown on a Confluence page,Wanting to embed a site/tool inline,Inline interactive content with zero procurement,Paste the URL and choose Embed (Smart Link) — no app required,unknown,paste a URL,,"Undercuts willingness-to-pay: for anyone whose prototype is already reachable at a URL (Figma, Netlify, Vercel, internal host), native Smart Link embed is free, instant, and needs no admin approval. Mini Site only wins where hosting the bytes is itself the problem — a narrower segment than 'people who want interactive content on a page'.","Smart Links embed, iframe macro",Resolved with native embed per search summary,negative — free native path satisfies the need,marked Solved (per search result title),no,,qualified_counterevidence,,4,observed-in-search-snippet,NAT,Title + URL observed; page blocked (403). The 'paste a URL then choose Embed' resolution came from the aggregated search summary across Smart Links threads.
E-134,2026-08-02,atlassian_community_article,https://community.atlassian.com/forums/Confluence-articles/Full-speed-embed-Introducing-a-new-way-to-Smart-Link/ba-p/1911946,Embed a Confluence page to any product using Smart Links,unknown,Confluence Cloud,Atlassian staff (community article),unknown,Confluence page author,counterevidence,Embed a Confluence page to any product using Smart Links,n/a,Bring live external/interactive content into a page without installing anything,Atlassian shipping richer native embed,"Native, license-included embedding",n/a,n/a,paste URL,,"Native embed keeps improving and is included in the license, compressing the differentiated window for a paid embedding app. Mini Site's remaining wedge is only 'I have files, not a URL' plus permission inheritance.",Smart Links embed,Rolled out to all customers per search summary,n/a,unknown,yes,,excluded_from_demand,"vendor-authored: competitive/positioning context, not independent demand",2,observed-in-search-snippet,NAT,Vendor-authored (Atlassian). Title + URL observed in search results; page blocked (403). Search results also surfaced a related user thread about iFrame/Smart Links breaking: https://community.atlassian.com/forums/Confluence-questions/How-to-fix-iFrame-and-smart-links-that-stop-working/qaq-p/2972642
E-135,2026-08-02,atlassian_community_question,https://community.atlassian.com/forums/Jira-questions/What-s-the-best-practice-around-Cloud-User-Installed-Apps/qaq-p/3194543,What's the best practice around Cloud User-Installed Apps?,unknown,Atlassian Cloud,Atlassian Cloud admin (community questioner) + admin peers answering,unknown,Org/site admin,counterevidence,What's the best practice around Cloud User-Installed Apps?,unknown (thread body not retrievable),Admin wants a governed process for approving or blocking user-requested Marketplace apps,End users requesting Marketplace apps,Controlled app estate,Block user installs; pre-approved app list; request template with internal SLA,Ungoverned user installs seen as risk,admin approval before any install,,"Undercuts the self-serve trial funnel Mini Site depends on: the enthusiastic user (a designer or PM with a prototype folder) usually cannot install, and their request enters a review queue where 'runs arbitrary user JavaScript, hosted on Cloudflare' is the worst possible one-line summary.","App requests, pre-approved lists",unknown,n/a,unknown,no,,qualified_counterevidence,,4,observed-in-search-snippet,SEC,"Title + URL observed; page blocked (403). Search summary reported peers advising 'most organizations block app installation for regular users' and using pre-approved lists with an internal SLA — paraphrase from the aggregated summary, not a verified verbatim quote."
E-136,2026-08-02,atlassian_community_discussion,https://community.atlassian.com/forums/Trust-Security-discussions/Understanding-Third-Party-App-Security-in-the-Atlassian/td-p/2710242,Understanding Third-Party App Security in the Atlassian Ecosystem,unknown,Atlassian Cloud,Atlassian community (Trust & Security forum),unknown,Security reviewer / org admin,counterevidence,Understanding Third-Party App Security in the Atlassian Ecosystem,unknown (thread body not retrievable),Admins/security reviewers want to assess the risk of installing third-party Atlassian apps,Third-party app risk assessment,Confidence that an installed app cannot exfiltrate or execute unsafely,"Marketplace security programs, app access rules",unknown,security review before install,security documentation; Cloud Fortified / security self-assessment signals,Confirms an institutional review gate exists between want and install. Mini Site must survive it while conceding both external hosting and arbitrary JS execution — two of the highest-friction answers on a standard questionnaire.,"Third-party app security, Marketplace",unknown,unknown,unknown,no,,qualified_counterevidence,,4,observed-in-search-snippet,SEC,Title + URL observed only; page blocked (403). Thread authorship (community vs Atlassian staff) not verified.
E-137,2026-08-02,atlassian_community_question,https://community.atlassian.com/forums/Confluence-questions/Admin-approval-of-marketplace-app-purchase-not-working/qaq-p/2562841,Solved: Admin approval of marketplace app purchase not wor…,unknown,Confluence Cloud,Confluence admin (community questioner),unknown,Site admin,counterevidence,Admin approval of marketplace app purchase not working,unknown (thread body not retrievable),Admin trying to approve a requested paid Marketplace app and hitting errors,Approving a paid app request,Completed approval and install,Retry later; install via 'Try free' from app details,Technical-issue error during approval,admin approval,,Even willing buyers lose deals to approval-flow friction that the vendor cannot influence — relevant to Mini Site's conversion assumptions for a paid-only listing with no free tier to route around the approval queue.,Marketplace app request/approval flow,unknown,"positive intent, blocked by process",marked Solved (per search result title),no,,qualified_counterevidence,,4,observed-in-search-snippet,SEC,Title + URL observed; page blocked (403). Error-message description came from the aggregated search summary.
